epoch,src,priority,universe,seq,options,all_zero,max,nonzero_slots
1790404889.1586,flamesafe,200,1,172,0,1,0,
1790404889.1837,flamesafe,200,1,173,0,1,0,
1790404889.2088,flamesafe,200,1,174,0,1,0,
1790404889.2339,flamesafe,200,1,175,0,1,0,
1790404889.2590,flamesafe,200,1,176,0,1,0,
1790404889.2836,flamesafe,200,1,177,0,1,0,
1790404889.3087,flamesafe,200,1,178,0,1,0,
1790404889.3338,flamesafe,200,1,179,0,1,0,
1790404889.3590,flamesafe,200,1,180,0,1,0,
1790404889.3836,flamesafe,200,1,181,0,1,0,
1790404889.4087,flamesafe,200,1,182,0,1,0,
1790404889.4338,flamesafe,200,1,183,0,1,0,
1790404889.4589,flamesafe,200,1,184,0,1,0,
1790404889.4840,flamesafe,200,1,185,0,1,0,
1790404889.5086,flamesafe,200,1,186,0,1,0,
1790404889.5337,flamesafe,200,1,187,0,1,0,
1790404889.5588,flamesafe,200,1,188,0,1,0,
1790404889.5839,flamesafe,200,1,189,0,1,0,
1790404889.6090,flamesafe,200,1,190,0,1,0,
1790404889.6336,flamesafe,200,1,191,0,1,0,
1790404889.6586,flamesafe,200,1,192,0,1,0,
1790404889.6837,flamesafe,200,1,193,0,1,0,
1790404889.7088,flamesafe,200,1,194,0,1,0,
1790404889.7339,flamesafe,200,1,195,0,1,0,
1790404889.7590,flamesafe,200,1,196,0,1,0,
1790404889.7836,flamesafe,200,1,197,0,1,0,
1790404889.8087,flamesafe,200,1,198,0,1,0,
1790404889.8338,flamesafe,200,1,199,0,1,0,
1790404889.8590,flamesafe,200,1,200,0,1,0,
1790404889.8836,flamesafe,200,1,201,0,1,0,
1790404889.9087,flamesafe,200,1,202,0,1,0,
1790404889.9338,flamesafe,200,1,203,0,1,0,
1790404889.9589,flamesafe,200,1,204,0,1,0,
1790404889.9840,flamesafe,200,1,205,0,1,0,
1790404890.0090,flamesafe,200,1,206,0,1,0,
1790404890.0337,flamesafe,200,1,207,0,1,0,
1790404890.0588,flamesafe,200,1,208,0,1,0,
1790404890.0839,flamesafe,200,1,209,0,1,0,
1790404890.1090,flamesafe,200,1,210,0,1,0,
1790404890.1336,flamesafe,200,1,211,0,1,0,
1790404890.1587,flamesafe,200,1,212,0,1,0,
1790404890.1838,flamesafe,200,1,213,0,1,0,
1790404890.2089,flamesafe,200,1,214,0,1,0,
1790404890.2340,flamesafe,200,1,215,0,1,0,
1790404890.2586,flamesafe,200,1,216,0,1,0,
1790404890.2837,flamesafe,200,1,217,0,1,0,
1790404890.3088,flamesafe,200,1,218,0,1,0,
1790404890.3339,flamesafe,200,1,219,0,1,0,
1790404890.3589,flamesafe,200,1,220,0,1,0,
1790404890.3840,flamesafe,200,1,221,0,1,0,
1790404890.4086,flamesafe,200,1,222,0,1,0,
1790404890.4337,flamesafe,200,1,223,0,1,0,
1790404890.4588,flamesafe,200,1,224,0,1,0,
1790404890.4839,flamesafe,200,1,225,0,1,0,
1790404890.5089,flamesafe,200,1,226,0,1,0,
1790404890.5340,flamesafe,200,1,227,0,1,0,
1790404890.5586,flamesafe,200,1,228,0,1,0,
1790404890.5837,flamesafe,200,1,229,0,1,0,
1790404890.6088,flamesafe,200,1,230,0,1,0,
1790404890.6339,flamesafe,200,1,231,0,1,0,
1790404890.6590,flamesafe,200,1,232,0,1,0,
1790404890.6837,flamesafe,200,1,233,0,1,0,
1790404890.7088,flamesafe,200,1,234,0,1,0,
1790404890.7339,flamesafe,200,1,235,0,1,0,
1790404890.7589,flamesafe,200,1,236,0,1,0,
1790404890.7840,flamesafe,200,1,237,0,1,0,
1790404890.8087,flamesafe,200,1,238,0,1,0,
1790404890.8337,flamesafe,200,1,239,0,1,0,
1790404890.8589,flamesafe,200,1,240,0,1,0,
1790404890.8839,flamesafe,200,1,241,0,1,0,
1790404890.9089,flamesafe,200,1,242,0,1,0,
1790404890.9340,flamesafe,200,1,243,0,1,0,
1790404890.9587,flamesafe,200,1,244,0,1,0,
1790404890.9838,flamesafe,200,1,245,0,1,0,
1790404891.0089,flamesafe,200,1,246,0,1,0,
1790404891.0340,flamesafe,200,1,247,0,1,0,
1790404891.0590,flamesafe,200,1,248,0,1,0,
1790404891.0837,flamesafe,200,1,249,0,1,0,
1790404891.1088,flamesafe,200,1,250,0,1,0,
1790404891.1339,flamesafe,200,1,251,0,1,0,
1790404891.1590,flamesafe,200,1,252,0,1,0,
1790404891.1836,flamesafe,200,1,253,0,1,0,
1790404891.2088,flamesafe,200,1,254,0,1,0,
1790404891.2339,flamesafe,200,1,255,0,1,0,
1790404891.2590,flamesafe,200,1,0,0,1,0,
1790404891.2836,flamesafe,200,1,1,0,1,0,
1790404891.3088,flamesafe,200,1,2,0,1,0,
1790404891.3339,flamesafe,200,1,3,0,1,0,
1790404891.3590,flamesafe,200,1,4,0,1,0,
1790404891.3841,flamesafe,200,1,5,0,1,0,
1790404891.4086,flamesafe,200,1,6,0,1,0,
1790404891.4337,flamesafe,200,1,7,0,1,0,
1790404891.4588,flamesafe,200,1,8,0,1,0,
1790404891.4839,flamesafe,200,1,9,0,1,0,
1790404891.5090,flamesafe,200,1,10,0,1,0,
1790404891.5341,flamesafe,200,1,11,0,1,0,
1790404891.5586,flamesafe,200,1,12,0,1,0,
1790404891.5838,flamesafe,200,1,13,0,1,0,
1790404891.6089,flamesafe,200,1,14,0,1,0,
1790404891.6340,flamesafe,200,1,15,0,1,0,
1790404891.6589,flamesafe,200,1,16,0,1,0,
1790404891.6836,flamesafe,200,1,17,0,1,0,
1790404891.7087,flamesafe,200,1,18,0,1,0,
1790404891.7338,flamesafe,200,1,19,0,1,0,
1790404891.7589,flamesafe,200,1,20,0,1,0,
1790404891.7841,flamesafe,200,1,21,0,1,0,
1790404891.8086,flamesafe,200,1,22,0,1,0,
1790404891.8337,flamesafe,200,1,23,0,1,0,
1790404891.8588,flamesafe,200,1,24,0,1,0,
1790404891.8839,flamesafe,200,1,25,0,1,0,
1790404891.9090,flamesafe,200,1,26,0,1,0,
1790404891.9336,flamesafe,200,1,27,0,1,0,
1790404891.9587,flamesafe,200,1,28,0,1,0,
1790404891.9838,flamesafe,200,1,29,0,1,0,
1790404892.0090,flamesafe,200,1,30,0,1,0,
1790404892.0336,flamesafe,200,1,31,0,1,0,
1790404892.0587,flamesafe,200,1,32,0,1,0,
1790404892.0838,flamesafe,200,1,33,0,1,0,
1790404892.1089,flamesafe,200,1,34,0,1,0,
1790404892.1340,flamesafe,200,1,35,0,1,0,
1790404892.1591,flamesafe,200,1,36,0,1,0,
1790404892.1837,flamesafe,200,1,37,0,1,0,
1790404892.2087,flamesafe,200,1,38,0,1,0,
1790404892.2338,flamesafe,200,1,39,0,1,0,
1790404892.2590,flamesafe,200,1,40,0,1,0,
1790404892.2838,flamesafe,200,1,41,0,1,0,
1790404892.3089,flamesafe,200,1,42,0,1,0,
1790404892.3340,flamesafe,200,1,43,0,1,0,
1790404892.3586,flamesafe,200,1,44,0,1,0,
1790404892.3838,flamesafe,200,1,45,0,1,0,
1790404892.4089,flamesafe,200,1,46,0,1,0,
1790404892.4340,flamesafe,200,1,47,0,1,0,
1790404892.4586,flamesafe,200,1,48,0,1,0,
1790404892.4837,flamesafe,200,1,49,0,1,0,
1790404892.5088,flamesafe,200,1,50,0,1,0,
1790404892.5340,flamesafe,200,1,51,0,1,0,
1790404892.5590,flamesafe,200,1,52,0,1,0,
1790404892.5837,flamesafe,200,1,53,0,1,0,
1790404892.6088,flamesafe,200,1,54,0,1,0,
1790404892.6339,flamesafe,200,1,55,0,1,0,
1790404892.6590,flamesafe,200,1,56,0,1,0,
1790404892.6836,flamesafe,200,1,57,0,1,0,
1790404892.7087,flamesafe,200,1,58,0,1,0,
1790404892.7338,flamesafe,200,1,59,0,1,0,
1790404892.7591,flamesafe,200,1,60,0,1,0,
1790404892.7837,flamesafe,200,1,61,0,1,0,
1790404892.8088,flamesafe,200,1,62,0,1,0,
1790404892.8339,flamesafe,200,1,63,0,1,0,
1790404892.8590,flamesafe,200,1,64,0,1,0,
1790404892.8836,flamesafe,200,1,65,0,1,0,
1790404892.9087,flamesafe,200,1,66,0,1,0,
1790404892.9338,flamesafe,200,1,67,0,1,0,
1790404892.9589,flamesafe,200,1,68,0,1,0,
1790404892.9840,flamesafe,200,1,69,0,1,0,
1790404893.0086,flamesafe,200,1,70,0,1,0,
1790404893.0337,flamesafe,200,1,71,0,1,0,
1790404893.0588,flamesafe,200,1,72,0,1,0,
1790404893.0839,flamesafe,200,1,73,0,1,0,
1790404893.1090,flamesafe,200,1,74,0,1,0,
1790404893.1340,flamesafe,200,1,75,0,1,0,
1790404893.1586,flamesafe,200,1,76,0,1,0,
1790404893.1837,flamesafe,200,1,77,0,1,0,
1790404893.2088,flamesafe,200,1,78,0,1,0,
1790404893.2339,flamesafe,200,1,79,0,1,0,
1790404893.2589,flamesafe,200,1,80,0,1,0,
1790404893.2838,flamesafe,200,1,81,0,1,0,
1790404893.3089,flamesafe,200,1,82,0,1,0,
1790404893.3339,flamesafe,200,1,83,0,1,0,
1790404893.3586,flamesafe,200,1,84,0,1,0,
1790404893.3837,flamesafe,200,1,85,0,1,0,
1790404893.4088,flamesafe,200,1,86,0,1,0,
1790404893.4339,flamesafe,200,1,87,0,1,0,
1790404893.4590,flamesafe,200,1,88,0,1,0,
1790404893.4836,flamesafe,200,1,89,0,1,0,
1790404893.5087,flamesafe,200,1,90,0,1,0,
1790404893.5338,flamesafe,200,1,91,0,1,0,
1790404893.5589,flamesafe,200,1,92,0,1,0,
1790404893.5839,flamesafe,200,1,93,0,1,0,
1790404893.6090,flamesafe,200,1,94,0,1,0,
1790404893.6336,flamesafe,200,1,95,0,1,0,
1790404893.6590,flamesafe,200,1,96,0,1,0,
1790404893.6836,flamesafe,200,1,97,0,1,0,
1790404893.7087,flamesafe,200,1,98,0,1,0,
1790404893.7338,flamesafe,200,1,99,0,1,0,
1790404893.7589,flamesafe,200,1,100,0,1,0,
1790404893.7840,flamesafe,200,1,101,0,1,0,
1790404893.8086,flamesafe,200,1,102,0,1,0,
1790404893.8337,flamesafe,200,1,103,0,1,0,
1790404893.8588,flamesafe,200,1,104,0,1,0,
1790404893.8840,flamesafe,200,1,105,0,1,0,
1790404893.9086,flamesafe,200,1,106,0,1,0,
1790404893.9337,flamesafe,200,1,107,0,1,0,
1790404893.9588,flamesafe,200,1,108,0,1,0,
1790404893.9839,flamesafe,200,1,109,0,1,0,
1790404894.0090,flamesafe,200,1,110,0,1,0,
1790404894.0340,flamesafe,200,1,111,0,1,0,
1790404894.0586,flamesafe,200,1,112,0,1,0,
1790404894.0838,flamesafe,200,1,113,0,1,0,
1790404894.1088,flamesafe,200,1,114,0,1,0,
1790404894.1339,flamesafe,200,1,115,0,1,0,
1790404894.1586,flamesafe,200,1,116,0,1,0,
1790404894.1837,flamesafe,200,1,117,0,1,0,
1790404894.2089,flamesafe,200,1,118,0,1,0,
1790404894.2340,flamesafe,200,1,119,0,1,0,
1790404894.2587,flamesafe,200,1,120,0,1,0,
1790404894.2838,flamesafe,200,1,121,0,1,0,
1790404894.3089,flamesafe,200,1,122,0,1,0,
1790404894.3340,flamesafe,200,1,123,0,1,0,
1790404894.3586,flamesafe,200,1,124,0,1,0,
1790404894.3837,flamesafe,200,1,125,0,1,0,
1790404894.4088,flamesafe,200,1,126,0,1,0,
1790404894.4339,flamesafe,200,1,127,0,1,0,
1790404894.4590,flamesafe,200,1,128,0,1,0,
1790404894.4836,flamesafe,200,1,129,0,1,0,
1790404894.5087,flamesafe,200,1,130,0,1,0,
1790404894.5338,flamesafe,200,1,131,0,1,0,
1790404894.5590,flamesafe,200,1,132,0,1,0,
1790404894.5836,flamesafe,200,1,133,0,1,0,
1790404894.6087,flamesafe,200,1,134,0,1,0,
1790404894.6338,flamesafe,200,1,135,0,1,0,
1790404894.6589,flamesafe,200,1,136,0,1,0,
1790404894.6841,flamesafe,200,1,137,0,1,0,
1790404894.7087,flamesafe,200,1,138,0,1,0,
1790404894.7337,flamesafe,200,1,139,0,1,0,
1790404894.7588,flamesafe,200,1,140,0,1,0,
1790404894.7839,flamesafe,200,1,141,0,1,0,
1790404894.8090,flamesafe,200,1,142,0,1,0,
1790404894.8336,flamesafe,200,1,143,0,1,0,
1790404894.8587,flamesafe,200,1,144,0,1,0,
1790404894.8838,flamesafe,200,1,145,0,1,0,
1790404894.9089,flamesafe,200,1,146,0,1,0,
1790404894.9340,flamesafe,200,1,147,0,1,0,
1790404894.9590,flamesafe,200,1,148,0,1,0,
1790404894.9836,flamesafe,200,1,149,0,1,0,
1790404895.0090,flamesafe,200,1,150,0,1,0,
1790404895.0336,flamesafe,200,1,151,0,1,0,
1790404895.0587,flamesafe,200,1,152,0,1,0,
1790404895.0838,flamesafe,200,1,153,0,1,0,
1790404895.1089,flamesafe,200,1,154,0,1,0,
1790404895.1340,flamesafe,200,1,155,0,1,0,
1790404895.1590,flamesafe,200,1,156,0,1,0,
1790404895.1837,flamesafe,200,1,157,0,1,0,
1790404895.2089,flamesafe,200,1,158,0,1,0,
1790404895.2340,flamesafe,200,1,159,0,1,0,
1790404895.2586,flamesafe,200,1,160,0,1,0,
1790404895.2837,flamesafe,200,1,161,0,1,0,
1790404895.3088,flamesafe,200,1,162,0,1,0,
1790404895.3339,flamesafe,200,1,163,0,1,0,
1790404895.3590,flamesafe,200,1,164,0,1,0,
1790404895.3836,flamesafe,200,1,165,0,1,0,
1790404895.4087,flamesafe,200,1,166,0,1,0,
1790404895.4339,flamesafe,200,1,167,0,1,0,
1790404895.4589,flamesafe,200,1,168,0,1,0,
1790404895.4836,flamesafe,200,1,169,0,1,0,
1790404895.5087,flamesafe,200,1,170,0,1,0,
1790404895.5338,flamesafe,200,1,171,0,1,0,
1790404895.5589,flamesafe,200,1,172,0,1,0,
1790404895.5841,flamesafe,200,1,173,0,1,0,
1790404895.6087,flamesafe,200,1,174,0,1,0,
1790404895.6338,flamesafe,200,1,175,0,1,0,
1790404895.6589,flamesafe,200,1,176,0,1,0,
1790404895.6840,flamesafe,200,1,177,0,1,0,
1790404895.7086,flamesafe,200,1,178,0,1,0,
1790404895.7337,flamesafe,200,1,179,0,1,0,
1790404895.7588,flamesafe,200,1,180,0,1,0,
1790404895.7839,flamesafe,200,1,181,0,1,0,
1790404895.8091,flamesafe,200,1,182,0,1,0,
1790404895.8337,flamesafe,200,1,183,0,1,0,
1790404895.8587,flamesafe,200,1,184,0,1,0,
1790404895.8838,flamesafe,200,1,185,0,1,0,
1790404895.9089,flamesafe,200,1,186,0,1,0,
1790404895.9340,flamesafe,200,1,187,0,1,0,
1790404895.9591,flamesafe,200,1,188,0,1,0,
1790404895.9837,flamesafe,200,1,189,0,1,0,
1790404896.0088,flamesafe,200,1,190,0,1,0,
1790404896.0339,flamesafe,200,1,191,0,1,0,
1790404896.0590,flamesafe,200,1,192,0,1,0,
1790404896.0836,flamesafe,200,1,193,0,1,0,
1790404896.1087,flamesafe,200,1,194,0,1,0,
1790404896.1338,flamesafe,200,1,195,0,1,0,
1790404896.1589,flamesafe,200,1,196,0,1,0,
1790404896.1840,flamesafe,200,1,197,0,1,0,
1790404896.2086,flamesafe,200,1,198,0,1,0,
1790404896.2337,flamesafe,200,1,199,0,1,0,
1790404896.2588,flamesafe,200,1,200,0,1,0,
1790404896.2839,flamesafe,200,1,201,0,1,0,
1790404896.3091,flamesafe,200,1,202,0,1,0,
1790404896.3337,flamesafe,200,1,203,0,1,0,
1790404896.3587,flamesafe,200,1,204,0,1,0,
1790404896.3838,flamesafe,200,1,205,0,1,0,
1790404896.4090,flamesafe,200,1,206,0,1,0,
1790404896.4336,flamesafe,200,1,207,0,1,0,
1790404896.4587,flamesafe,200,1,208,0,1,0,
1790404896.4838,flamesafe,200,1,209,0,1,0,
1790404896.5089,flamesafe,200,1,210,0,1,0,
1790404896.5340,flamesafe,200,1,211,0,1,0,
1790404896.5590,flamesafe,200,1,212,0,1,0,
1790404896.5837,flamesafe,200,1,213,0,1,0,
1790404896.6088,flamesafe,200,1,214,0,1,0,
1790404896.6339,flamesafe,200,1,215,0,1,0,
1790404896.6590,flamesafe,200,1,216,0,1,0,
1790404896.6836,flamesafe,200,1,217,0,1,0,
1790404896.7087,flamesafe,200,1,218,0,1,0,
1790404896.7338,flamesafe,200,1,219,0,1,0,
1790404896.7589,flamesafe,200,1,220,0,1,0,
1790404896.7840,flamesafe,200,1,221,0,1,0,
1790404896.8086,flamesafe,200,1,222,0,1,0,
1790404896.8337,flamesafe,200,1,223,0,1,0,
1790404896.8588,flamesafe,200,1,224,0,1,0,
1790404896.8839,flamesafe,200,1,225,0,1,0,
1790404896.9086,flamesafe,200,1,226,0,1,0,
1790404896.9337,flamesafe,200,1,227,0,1,0,
1790404896.9588,flamesafe,200,1,228,0,1,0,
1790404896.9838,flamesafe,200,1,229,0,1,0,
1790404897.0089,flamesafe,200,1,230,0,1,0,
1790404897.0340,flamesafe,200,1,231,0,1,0,
1790404897.0591,flamesafe,200,1,232,0,1,0,
1790404897.0837,flamesafe,200,1,233,0,1,0,
1790404897.1088,flamesafe,200,1,234,0,1,0,
1790404897.1339,flamesafe,200,1,235,0,1,0,
1790404897.1589,flamesafe,200,1,236,0,1,0,
1790404897.1840,flamesafe,200,1,237,0,1,0,
1790404897.2086,flamesafe,200,1,238,0,1,0,
1790404897.2338,flamesafe,200,1,239,0,1,0,
1790404897.2588,flamesafe,200,1,240,0,1,0,
1790404897.2839,flamesafe,200,1,241,0,1,0,
1790404897.3086,flamesafe,200,1,242,0,1,0,
1790404897.3337,flamesafe,200,1,243,0,1,0,
1790404897.3588,flamesafe,200,1,244,0,1,0,
1790404897.3838,flamesafe,200,1,245,0,1,0,
1790404897.4090,flamesafe,200,1,246,0,1,0,
1790404897.4336,flamesafe,200,1,247,0,1,0,
1790404897.4587,flamesafe,200,1,248,0,1,0,
1790404897.4838,flamesafe,200,1,249,0,1,0,
1790404897.5090,flamesafe,200,1,250,0,1,0,
1790404897.5341,flamesafe,200,1,251,0,1,0,
1790404897.5586,flamesafe,200,1,252,0,1,0,
1790404897.5838,flamesafe,200,1,253,0,1,0,
1790404897.6088,flamesafe,200,1,254,0,1,0,
1790404897.6339,flamesafe,200,1,255,0,1,0,
1790404897.6589,flamesafe,200,1,0,0,1,0,
1790404897.6836,flamesafe,200,1,1,0,1,0,
1790404897.7088,flamesafe,200,1,2,0,1,0,
1790404897.7339,flamesafe,200,1,3,0,1,0,
1790404897.7590,flamesafe,200,1,4,0,1,0,
1790404897.7837,flamesafe,200,1,5,0,1,0,
1790404897.8088,flamesafe,200,1,6,0,1,0,
1790404897.8339,flamesafe,200,1,7,0,1,0,
1790404897.8590,flamesafe,200,1,8,0,1,0,
1790404897.8836,flamesafe,200,1,9,0,1,0,
1790404897.9088,flamesafe,200,1,10,0,1,0,
1790404897.9339,flamesafe,200,1,11,0,1,0,
1790404897.9589,flamesafe,200,1,12,0,1,0,
1790404897.9840,flamesafe,200,1,13,0,1,0,
1790404898.0086,flamesafe,200,1,14,0,1,0,
1790404898.0337,flamesafe,200,1,15,0,1,0,
1790404898.0588,flamesafe,200,1,16,0,1,0,
1790404898.0839,flamesafe,200,1,17,0,1,0,
1790404898.1091,flamesafe,200,1,18,0,1,0,
1790404898.1336,flamesafe,200,1,19,0,1,0,
1790404898.1587,flamesafe,200,1,20,0,1,0,
1790404898.1838,flamesafe,200,1,21,0,1,0,
1790404898.2089,flamesafe,200,1,22,0,1,0,
1790404898.2338,flamesafe,200,1,23,0,1,0,
1790404898.2589,flamesafe,200,1,24,0,1,0,
1790404898.2840,flamesafe,200,1,25,0,1,0,
1790404898.3091,flamesafe,200,1,26,0,1,0,
1790404898.3337,flamesafe,200,1,27,0,1,0,
1790404898.3587,flamesafe,200,1,28,0,1,0,
1790404898.3838,flamesafe,200,1,29,0,1,0,
1790404898.4090,flamesafe,200,1,30,0,1,0,
1790404898.4336,flamesafe,200,1,31,0,1,0,
1790404898.4587,flamesafe,200,1,32,0,1,0,
1790404898.4839,flamesafe,200,1,33,0,1,0,
1790404898.5088,flamesafe,200,1,34,0,1,0,
1790404898.5339,flamesafe,200,1,35,0,1,0,
1790404898.5590,flamesafe,200,1,36,0,1,0,
1790404898.5837,flamesafe,200,1,37,0,1,0,
1790404898.6088,flamesafe,200,1,38,0,1,0,
1790404898.6340,flamesafe,200,1,39,0,1,0,
1790404898.6586,flamesafe,200,1,40,0,1,0,
1790404898.6837,flamesafe,200,1,41,0,1,0,
1790404898.7088,flamesafe,200,1,42,0,1,0,
1790404898.7339,flamesafe,200,1,43,0,1,0,
1790404898.7588,flamesafe,200,1,44,0,1,0,
1790404898.7839,flamesafe,200,1,45,0,1,0,
1790404898.8090,flamesafe,200,1,46,0,1,0,
1790404898.8336,flamesafe,200,1,47,0,1,0,
1790404898.8587,flamesafe,200,1,48,0,1,0,
1790404898.8838,flamesafe,200,1,49,0,1,0,
1790404898.9090,flamesafe,200,1,50,0,1,0,
1790404898.9340,flamesafe,200,1,51,0,1,0,
1790404898.9586,flamesafe,200,1,52,0,1,0,
1790404898.9837,flamesafe,200,1,53,0,1,0,
1790404899.0088,flamesafe,200,1,54,0,1,0,
1790404899.0339,flamesafe,200,1,55,0,1,0,
1790404899.0590,flamesafe,200,1,56,0,1,0,
1790404899.0837,flamesafe,200,1,57,0,1,0,
1790404899.1090,flamesafe,200,1,58,0,1,0,
1790404899.1336,flamesafe,200,1,59,0,1,0,
1790404899.1587,flamesafe,200,1,60,0,1,0,
1790404899.1838,flamesafe,200,1,61,0,1,0,
1790404899.2088,flamesafe,200,1,62,0,1,0,
1790404899.2339,flamesafe,200,1,63,0,1,0,
1790404899.2590,flamesafe,200,1,64,0,1,0,
1790404899.2836,flamesafe,200,1,65,0,1,0,
1790404899.3087,flamesafe,200,1,66,0,1,0,
1790404899.3338,flamesafe,200,1,67,0,1,0,
1790404899.3589,flamesafe,200,1,68,0,1,0,
1790404899.3840,flamesafe,200,1,69,0,1,0,
1790404899.4086,flamesafe,200,1,70,0,1,0,
1790404899.4337,flamesafe,200,1,71,0,1,0,
1790404899.4588,flamesafe,200,1,72,0,1,0,
1790404899.4839,flamesafe,200,1,73,0,1,0,
1790404899.5090,flamesafe,200,1,74,0,1,0,
1790404899.5336,flamesafe,200,1,75,0,1,0,
1790404899.5587,flamesafe,200,1,76,0,1,0,
1790404899.5838,flamesafe,200,1,77,0,1,0,
1790404899.6089,flamesafe,200,1,78,0,1,0,
1790404899.6340,flamesafe,200,1,79,0,1,0,
1790404899.6588,flamesafe,200,1,80,0,1,0,
1790404899.6839,flamesafe,200,1,81,0,1,0,
1790404899.7090,flamesafe,200,1,82,0,1,0,
1790404899.7336,flamesafe,200,1,83,0,1,0,
1790404899.7587,flamesafe,200,1,84,0,1,0,
1790404899.7838,flamesafe,200,1,85,0,1,0,
1790404899.8089,flamesafe,200,1,86,0,1,0,
1790404899.8340,flamesafe,200,1,87,0,1,0,
1790404899.8586,flamesafe,200,1,88,0,1,0,
1790404899.8837,flamesafe,200,1,89,0,1,0,
1790404899.9089,flamesafe,200,1,90,0,1,0,
1790404899.9340,flamesafe,200,1,91,0,1,0,
1790404899.9586,flamesafe,200,1,92,0,1,0,
1790404899.9837,flamesafe,200,1,93,0,1,0,
1790404900.0088,flamesafe,200,1,94,0,1,0,
1790404900.0339,flamesafe,200,1,95,0,1,0,
1790404900.0591,flamesafe,200,1,96,0,1,0,
1790404900.0837,flamesafe,200,1,97,0,1,0,
1790404900.1088,flamesafe,200,1,98,0,1,0,
1790404900.1339,flamesafe,200,1,99,0,1,0,
1790404900.1589,flamesafe,200,1,100,0,1,0,
1790404900.1840,flamesafe,200,1,101,0,1,0,
1790404900.2086,flamesafe,200,1,102,0,1,0,
1790404900.2337,flamesafe,200,1,103,0,1,0,
1790404900.2587,flamesafe,200,1,104,0,1,0,
1790404900.2838,flamesafe,200,1,105,0,1,0,
1790404900.3091,flamesafe,200,1,106,0,1,0,
1790404900.3337,flamesafe,200,1,107,0,1,0,
1790404900.3588,flamesafe,200,1,108,0,1,0,
1790404900.3839,flamesafe,200,1,109,0,1,0,
1790404900.4090,flamesafe,200,1,110,0,1,0,
1790404900.4336,flamesafe,200,1,111,0,1,0,
1790404900.4586,flamesafe,200,1,112,0,1,0,
1790404900.4837,flamesafe,200,1,113,0,1,0,
1790404900.5090,flamesafe,200,1,114,0,1,0,
1790404900.5341,flamesafe,200,1,115,0,1,0,
1790404900.5586,flamesafe,200,1,116,0,1,0,
1790404900.5837,flamesafe,200,1,117,0,1,0,
1790404900.6088,flamesafe,200,1,118,0,1,0,
1790404900.6339,flamesafe,200,1,119,0,1,0,
1790404900.6587,flamesafe,200,1,120,0,1,0,
1790404900.6838,flamesafe,200,1,121,0,1,0,
1790404900.7089,flamesafe,200,1,122,0,1,0,
1790404900.7340,flamesafe,200,1,123,0,1,0,
1790404900.7587,flamesafe,200,1,124,0,1,0,
1790404900.7838,flamesafe,200,1,125,0,1,0,
1790404900.8089,flamesafe,200,1,126,0,1,0,
1790404900.8340,flamesafe,200,1,127,0,1,0,
1790404900.8586,flamesafe,200,1,128,0,1,0,
1790404900.8837,flamesafe,200,1,129,0,1,0,
1790404900.9088,flamesafe,200,1,130,0,1,0,
1790404900.9339,flamesafe,200,1,131,0,1,0,
1790404900.9590,flamesafe,200,1,132,0,1,0,
1790404900.9836,flamesafe,200,1,133,0,1,0,
1790404901.0089,flamesafe,200,1,134,0,1,0,
1790404901.0340,flamesafe,200,1,135,0,1,0,
1790404901.0586,flamesafe,200,1,136,0,1,0,
1790404901.0837,flamesafe,200,1,137,0,1,0,
1790404901.1088,flamesafe,200,1,138,0,1,0,
1790404901.1339,flamesafe,200,1,139,0,1,0,
1790404901.1589,flamesafe,200,1,140,0,1,0,
1790404901.1840,flamesafe,200,1,141,0,1,0,
1790404901.2086,flamesafe,200,1,142,0,1,0,
1790404901.2337,flamesafe,200,1,143,0,1,0,
1790404901.2588,flamesafe,200,1,144,0,1,0,
1790404901.2839,flamesafe,200,1,145,0,1,0,
1790404901.3090,flamesafe,200,1,146,0,1,0,
1790404901.3341,flamesafe,200,1,147,0,1,0,
1790404901.3587,flamesafe,200,1,148,0,1,0,
1790404901.3838,flamesafe,200,1,149,0,1,0,
1790404901.4089,flamesafe,200,1,150,0,1,0,
1790404901.4340,flamesafe,200,1,151,0,1,0,
1790404901.4586,flamesafe,200,1,152,0,1,0,
1790404901.4837,flamesafe,200,1,153,0,1,0,
1790404901.5088,flamesafe,200,1,154,0,1,0,
1790404901.5338,flamesafe,200,1,155,0,1,0,
1790404901.5590,flamesafe,200,1,156,0,1,0,
1790404901.5836,flamesafe,200,1,157,0,1,0,
1790404901.6087,flamesafe,200,1,158,0,1,0,
1790404901.6338,flamesafe,200,1,159,0,1,0,
1790404901.6586,flamesafe,200,1,160,0,1,0,
1790404901.6837,flamesafe,200,1,161,0,1,0,
1790404901.7087,flamesafe,200,1,162,0,1,0,
1790404901.7339,flamesafe,200,1,163,0,1,0,
1790404901.7588,flamesafe,200,1,164,0,1,0,
1790404901.7839,flamesafe,200,1,165,0,1,0,
1790404901.8090,flamesafe,200,1,166,0,1,0,
1790404901.8341,flamesafe,200,1,167,0,1,0,
1790404901.8587,flamesafe,200,1,168,0,1,0,
1790404901.8840,flamesafe,200,1,169,0,1,0,
1790404901.9086,flamesafe,200,1,170,0,1,0,
1790404901.9337,flamesafe,200,1,171,0,1,0,
1790404901.9588,flamesafe,200,1,172,0,1,0,
1790404901.9839,flamesafe,200,1,173,0,1,0,
1790404902.0086,flamesafe,200,1,174,0,1,0,
1790404902.0337,flamesafe,200,1,175,0,1,0,
1790404902.0588,flamesafe,200,1,176,0,1,0,
1790404902.0839,flamesafe,200,1,177,0,1,0,
1790404902.1090,flamesafe,200,1,178,0,1,0,
1790404902.1336,flamesafe,200,1,179,0,1,0,
1790404902.1587,flamesafe,200,1,180,0,1,0,
1790404902.1838,flamesafe,200,1,181,0,1,0,
1790404902.2089,flamesafe,200,1,182,0,1,0,
1790404902.2340,flamesafe,200,1,183,0,1,0,
1790404902.2586,flamesafe,200,1,184,0,1,0,
1790404902.2837,flamesafe,200,1,185,0,1,0,
1790404902.3088,flamesafe,200,1,186,0,1,0,
1790404902.3336,flamesafe,200,1,187,0,1,0,
1790404902.3587,flamesafe,200,1,188,0,1,0,
1790404902.3839,flamesafe,200,1,189,0,1,0,
1790404902.4090,flamesafe,200,1,190,0,1,0,
1790404902.4336,flamesafe,200,1,191,0,1,0,
1790404902.4587,flamesafe,200,1,192,0,1,0,
1790404902.4838,flamesafe,200,1,193,0,1,0,
1790404902.5088,flamesafe,200,1,194,0,1,0,
1790404902.5337,flamesafe,200,1,195,0,1,0,
1790404902.5588,flamesafe,200,1,196,0,1,0,
1790404902.5838,flamesafe,200,1,197,0,1,0,
1790404902.6090,flamesafe,200,1,198,0,1,0,
1790404902.6336,flamesafe,200,1,199,0,1,0,
1790404902.6587,flamesafe,200,1,200,0,1,0,
1790404902.6838,flamesafe,200,1,201,0,1,0,
1790404902.7089,flamesafe,200,1,202,0,1,0,
1790404902.7340,flamesafe,200,1,203,0,1,0,
1790404902.7586,flamesafe,200,1,204,0,1,0,
1790404902.7838,flamesafe,200,1,205,0,1,0,
1790404902.8088,flamesafe,200,1,206,0,1,0,
1790404902.8339,flamesafe,200,1,207,0,1,0,
1790404902.8590,flamesafe,200,1,208,0,1,0,
1790404902.8837,flamesafe,200,1,209,0,1,0,
1790404902.9087,flamesafe,200,1,210,0,1,0,
1790404902.9339,flamesafe,200,1,211,0,1,0,
1790404902.9590,flamesafe,200,1,212,0,1,0,
1790404902.9836,flamesafe,200,1,213,0,1,0,
1790404903.0091,flamesafe,200,1,214,0,1,0,
1790404903.0336,flamesafe,200,1,215,0,1,0,
1790404903.0588,flamesafe,200,1,216,0,1,0,
1790404903.0838,flamesafe,200,1,217,0,1,0,
1790404903.1090,flamesafe,200,1,218,0,1,0,
1790404903.1336,flamesafe,200,1,219,0,1,0,
1790404903.1588,flamesafe,200,1,220,0,1,0,
1790404903.1840,flamesafe,200,1,221,0,1,0,
1790404903.2086,flamesafe,200,1,222,0,1,0,
1790404903.2337,flamesafe,200,1,223,0,1,0,
1790404903.2588,flamesafe,200,1,224,0,1,0,
1790404903.2839,flamesafe,200,1,225,0,1,0,
1790404903.3090,flamesafe,200,1,226,0,1,0,
1790404903.3336,flamesafe,200,1,227,0,1,0,
1790404903.3587,flamesafe,200,1,228,0,1,0,
1790404903.3838,flamesafe,200,1,229,0,1,0,
1790404903.4089,flamesafe,200,1,230,0,1,0,
1790404903.4340,flamesafe,200,1,231,0,1,0,
1790404903.4586,flamesafe,200,1,232,0,1,0,
1790404903.4837,flamesafe,200,1,233,0,1,0,
1790404903.5088,flamesafe,200,1,234,0,1,0,
1790404903.5339,flamesafe,200,1,235,0,1,0,
1790404903.5590,flamesafe,200,1,236,0,1,0,
1790404903.5836,flamesafe,200,1,237,0,1,0,
1790404903.6088,flamesafe,200,1,238,0,1,0,
1790404903.6339,flamesafe,200,1,239,0,1,0,
1790404903.6587,flamesafe,200,1,240,0,1,0,
1790404903.6838,flamesafe,200,1,241,0,1,0,
1790404903.7089,flamesafe,200,1,242,0,1,0,
1790404903.7340,flamesafe,200,1,243,0,1,0,
1790404903.7588,flamesafe,200,1,244,0,1,0,
1790404903.7839,flamesafe,200,1,245,0,1,0,
1790404903.8090,flamesafe,200,1,246,0,1,0,
1790404903.8340,flamesafe,200,1,247,0,1,0,
1790404903.8586,flamesafe,200,1,248,0,1,0,
1790404903.8837,flamesafe,200,1,249,0,1,0,
1790404903.9088,flamesafe,200,1,250,0,1,0,
1790404903.9339,flamesafe,200,1,251,0,1,0,
1790404903.9590,flamesafe,200,1,252,0,1,0,
1790404903.9836,flamesafe,200,1,253,0,1,0,
1790404904.0087,flamesafe,200,1,254,0,1,0,
1790404904.0338,flamesafe,200,1,255,0,1,0,
1790404904.0590,flamesafe,200,1,0,0,1,0,
1790404904.0836,flamesafe,200,1,1,0,1,0,
1790404904.1087,flamesafe,200,1,2,0,1,0,
1790404904.1336,flamesafe,200,1,3,0,1,0,
1790404904.1587,flamesafe,200,1,4,0,1,0,
1790404904.1838,flamesafe,200,1,5,0,1,0,
1790404904.2089,flamesafe,200,1,6,0,1,0,
1790404904.2340,flamesafe,200,1,7,0,1,0,
1790404904.2586,flamesafe,200,1,8,0,1,0,
1790404904.2837,flamesafe,200,1,9,0,1,0,
1790404904.3088,flamesafe,200,1,10,0,1,0,
1790404904.3339,flamesafe,200,1,11,0,1,0,
1790404904.3590,flamesafe,200,1,12,0,1,0,
1790404904.3836,flamesafe,200,1,13,0,1,0,
1790404904.4087,flamesafe,200,1,14,0,1,0,
1790404904.4338,flamesafe,200,1,15,0,1,0,
1790404904.4589,flamesafe,200,1,16,0,1,0,
1790404904.4839,flamesafe,200,1,17,0,1,0,
1790404904.5090,flamesafe,200,1,18,0,1,0,
1790404904.5336,flamesafe,200,1,19,0,1,0,
1790404904.5587,flamesafe,200,1,20,0,1,0,
1790404904.5837,flamesafe,200,1,21,0,1,0,
1790404904.6089,flamesafe,200,1,22,0,1,0,
1790404904.6340,flamesafe,200,1,23,0,1,0,
1790404904.6591,flamesafe,200,1,24,0,1,0,
1790404904.6837,flamesafe,200,1,25,0,1,0,
1790404904.7088,flamesafe,200,1,26,0,1,0,
1790404904.7340,flamesafe,200,1,27,0,1,0,
1790404904.7586,flamesafe,200,1,28,0,1,0,
1790404904.7837,flamesafe,200,1,29,0,1,0,
1790404904.8088,flamesafe,200,1,30,0,1,0,
1790404904.8340,flamesafe,200,1,31,0,1,0,
1790404904.8586,flamesafe,200,1,32,0,1,0,
1790404904.8837,flamesafe,200,1,33,0,1,0,
1790404904.9088,flamesafe,200,1,34,0,1,0,
1790404904.9339,flamesafe,200,1,35,0,1,0,
1790404904.9590,flamesafe,200,1,36,0,1,0,
1790404904.9836,flamesafe,200,1,37,0,1,0,
1790404905.0089,flamesafe,200,1,38,0,1,0,
1790404905.0340,flamesafe,200,1,39,0,1,0,
1790404905.0591,flamesafe,200,1,40,0,1,0,
1790404905.0837,flamesafe,200,1,41,0,1,0,
1790404905.1088,flamesafe,200,1,42,0,1,0,
1790404905.1339,flamesafe,200,1,43,0,1,0,
1790404905.1590,flamesafe,200,1,44,0,1,0,
1790404905.1836,flamesafe,200,1,45,0,1,0,
1790404905.2087,flamesafe,200,1,46,0,1,0,
1790404905.2338,flamesafe,200,1,47,0,1,0,
1790404905.2589,flamesafe,200,1,48,0,1,0,
1790404905.2836,flamesafe,200,1,49,0,1,0,
1790404905.3087,flamesafe,200,1,50,0,1,0,
1790404905.3338,flamesafe,200,1,51,0,1,0,
1790404905.3589,flamesafe,200,1,52,0,1,0,
1790404905.3836,flamesafe,200,1,53,0,1,0,
1790404905.4087,flamesafe,200,1,54,0,1,0,
1790404905.4338,flamesafe,200,1,55,0,1,0,
1790404905.4589,flamesafe,200,1,56,0,1,0,
1790404905.4840,flamesafe,200,1,57,0,1,0,
1790404905.5086,flamesafe,200,1,58,0,1,0,
1790404905.5339,flamesafe,200,1,59,0,1,0,
1790404905.5590,flamesafe,200,1,60,0,1,0,
1790404905.5836,flamesafe,200,1,61,0,1,0,
1790404905.6087,flamesafe,200,1,62,0,1,0,
1790404905.6338,flamesafe,200,1,63,0,1,0,
1790404905.6589,flamesafe,200,1,64,0,1,0,
1790404905.6840,flamesafe,200,1,65,0,1,0,
1790404905.7086,flamesafe,200,1,66,0,1,0,
1790404905.7337,flamesafe,200,1,67,0,1,0,
1790404905.7588,flamesafe,200,1,68,0,1,0,
1790404905.7839,flamesafe,200,1,69,0,1,0,
1790404905.8090,flamesafe,200,1,70,0,1,0,
1790404905.8336,flamesafe,200,1,71,0,1,0,
1790404905.8587,flamesafe,200,1,72,0,1,0,
1790404905.8839,flamesafe,200,1,73,0,1,0,
1790404905.9089,flamesafe,200,1,74,0,1,0,
1790404905.9340,flamesafe,200,1,75,0,1,0,
1790404905.9586,flamesafe,200,1,76,0,1,0,
1790404905.9837,flamesafe,200,1,77,0,1,0,
1790404906.0088,flamesafe,200,1,78,0,1,0,
1790404906.0339,flamesafe,200,1,79,0,1,0,
1790404906.0590,flamesafe,200,1,80,0,1,0,
1790404906.0836,flamesafe,200,1,81,0,1,0,
1790404906.1087,flamesafe,200,1,82,0,1,0,
1790404906.1338,flamesafe,200,1,83,0,1,0,
1790404906.1589,flamesafe,200,1,84,0,1,0,
1790404906.1840,flamesafe,200,1,85,0,1,0,
1790404906.2090,flamesafe,200,1,86,0,1,0,
1790404906.2336,flamesafe,200,1,87,0,1,0,
1790404906.2587,flamesafe,200,1,88,0,1,0,
1790404906.2838,flamesafe,200,1,89,0,1,0,
1790404906.3090,flamesafe,200,1,90,0,1,0,
1790404906.3337,flamesafe,200,1,91,0,1,0,
1790404906.3589,flamesafe,200,1,92,0,1,0,
1790404906.3840,flamesafe,200,1,93,0,1,0,
1790404906.4091,flamesafe,200,1,94,0,1,0,
1790404906.4337,flamesafe,200,1,95,0,1,0,
1790404906.4588,flamesafe,200,1,96,0,1,0,
1790404906.4839,flamesafe,200,1,97,0,1,0,
1790404906.5090,flamesafe,200,1,98,0,1,0,
1790404906.5341,flamesafe,200,1,99,0,1,0,
1790404906.5586,flamesafe,200,1,100,0,1,0,
1790404906.5837,flamesafe,200,1,101,0,1,0,
1790404906.6088,flamesafe,200,1,102,0,1,0,
1790404906.6339,flamesafe,200,1,103,0,1,0,
1790404906.6590,flamesafe,200,1,104,0,1,0,
1790404906.6836,flamesafe,200,1,105,0,1,0,
1790404906.7087,flamesafe,200,1,106,0,1,0,
1790404906.7338,flamesafe,200,1,107,0,1,0,
1790404906.7590,flamesafe,200,1,108,0,1,0,
1790404906.7836,flamesafe,200,1,109,0,1,0,
1790404906.8087,flamesafe,200,1,110,0,1,0,
1790404906.8337,flamesafe,200,1,111,0,1,0,
1790404906.8589,flamesafe,200,1,112,0,1,0,
1790404906.8839,flamesafe,200,1,113,0,1,0,
1790404906.9089,flamesafe,200,1,114,0,1,0,
1790404906.9340,flamesafe,200,1,115,0,1,0,
1790404906.9586,flamesafe,200,1,116,0,1,0,
1790404906.9838,flamesafe,200,1,117,0,1,0,
1790404907.0089,flamesafe,200,1,118,0,1,0,
1790404907.0340,flamesafe,200,1,119,0,1,0,
1790404907.0586,flamesafe,200,1,120,0,1,0,
1790404907.0837,flamesafe,200,1,121,0,1,0,
1790404907.1088,flamesafe,200,1,122,0,1,0,
1790404907.1339,flamesafe,200,1,123,0,1,0,
1790404907.1587,flamesafe,200,1,124,0,1,0,
1790404907.1838,flamesafe,200,1,125,0,1,0,
1790404907.2088,flamesafe,200,1,126,0,1,0,
1790404907.2339,flamesafe,200,1,127,0,1,0,
1790404907.2590,flamesafe,200,1,128,0,1,0,
1790404907.2836,flamesafe,200,1,129,0,1,0,
1790404907.3088,flamesafe,200,1,130,0,1,0,
1790404907.3339,flamesafe,200,1,131,0,1,0,
1790404907.3590,flamesafe,200,1,132,0,1,0,
1790404907.3836,flamesafe,200,1,133,0,1,0,
1790404907.4087,flamesafe,200,1,134,0,1,0,
1790404907.4338,flamesafe,200,1,135,0,1,0,
1790404907.4589,flamesafe,200,1,136,0,1,0,
1790404907.4840,flamesafe,200,1,137,0,1,0,
1790404907.5086,flamesafe,200,1,138,0,1,0,
1790404907.5336,flamesafe,200,1,139,0,1,0,
1790404907.5588,flamesafe,200,1,140,0,1,0,
1790404907.5839,flamesafe,200,1,141,0,1,0,
1790404907.6086,flamesafe,200,1,142,0,1,0,
1790404907.6337,flamesafe,200,1,143,0,1,0,
1790404907.6588,flamesafe,200,1,144,0,1,0,
1790404907.6839,flamesafe,200,1,145,0,1,0,
1790404907.7090,flamesafe,200,1,146,0,1,0,
1790404907.7336,flamesafe,200,1,147,0,1,0,
1790404907.7588,flamesafe,200,1,148,0,1,0,
1790404907.7839,flamesafe,200,1,149,0,1,0,
1790404907.8090,flamesafe,200,1,150,0,1,0,
1790404907.8336,flamesafe,200,1,151,0,1,0,
1790404907.8587,flamesafe,200,1,152,0,1,0,
1790404907.8839,flamesafe,200,1,153,0,1,0,
1790404907.9090,flamesafe,200,1,154,0,1,0,
1790404907.9336,flamesafe,200,1,155,0,1,0,
1790404907.9586,flamesafe,200,1,156,0,1,0,
1790404907.9837,flamesafe,200,1,157,0,1,0,
1790404908.0088,flamesafe,200,1,158,0,1,0,
1790404908.0339,flamesafe,200,1,159,0,1,0,
1790404908.0590,flamesafe,200,1,160,0,1,0,
1790404908.0837,flamesafe,200,1,161,0,1,0,
1790404908.1088,flamesafe,200,1,162,0,1,0,
1790404908.1338,flamesafe,200,1,163,0,1,0,
1790404908.1589,flamesafe,200,1,164,0,1,0,
1790404908.1840,flamesafe,200,1,165,0,1,0,
1790404908.2086,flamesafe,200,1,166,0,1,0,
1790404908.2337,flamesafe,200,1,167,0,1,0,
1790404908.2588,flamesafe,200,1,168,0,1,0,
1790404908.2839,flamesafe,200,1,169,0,1,0,
1790404908.3090,flamesafe,200,1,170,0,1,0,
1790404908.3336,flamesafe,200,1,171,0,1,0,
1790404908.3587,flamesafe,200,1,172,0,1,0,
1790404908.3838,flamesafe,200,1,173,0,1,0,
1790404908.4089,flamesafe,200,1,174,0,1,0,
1790404908.4339,flamesafe,200,1,175,0,1,0,
1790404908.4590,flamesafe,200,1,176,0,1,0,
1790404908.4836,flamesafe,200,1,177,0,1,0,
1790404908.5087,flamesafe,200,1,178,0,1,0,
1790404908.5338,flamesafe,200,1,179,0,1,0,
1790404908.5589,flamesafe,200,1,180,0,1,0,
1790404908.5840,flamesafe,200,1,181,0,1,0,
1790404908.6086,flamesafe,200,1,182,0,1,0,
1790404908.6337,flamesafe,200,1,183,0,1,0,
1790404908.6590,flamesafe,200,1,184,0,1,0,
1790404908.6837,flamesafe,200,1,185,0,1,0,
1790404908.7088,flamesafe,200,1,186,0,1,0,
1790404908.7338,flamesafe,200,1,187,0,1,0,
1790404908.7589,flamesafe,200,1,188,0,1,0,
1790404908.7841,flamesafe,200,1,189,0,1,0,
1790404908.8086,flamesafe,200,1,190,0,1,0,
1790404908.8337,flamesafe,200,1,191,0,1,0,
1790404908.8588,flamesafe,200,1,192,0,1,0,
1790404908.8839,flamesafe,200,1,193,0,1,0,
1790404908.9091,flamesafe,200,1,194,0,1,0,
1790404908.9336,flamesafe,200,1,195,0,1,0,
1790404908.9588,flamesafe,200,1,196,0,1,0,
1790404908.9839,flamesafe,200,1,197,0,1,0,
1790404909.0090,flamesafe,200,1,198,0,1,0,
1790404909.0337,flamesafe,200,1,199,0,1,0,
1790404909.0613,flamesafe,200,1,200,0,1,0,
1790404909.0839,flamesafe,200,1,201,0,1,0,
1790404909.1090,flamesafe,200,1,202,0,1,0,
1790404909.1336,flamesafe,200,1,203,0,1,0,
1790404909.1589,flamesafe,200,1,204,0,1,0,
1790404909.1840,flamesafe,200,1,205,0,1,0,
1790404909.2091,flamesafe,200,1,206,0,1,0,
1790404909.2337,flamesafe,200,1,207,0,1,0,
1790404909.2588,flamesafe,200,1,208,0,1,0,
1790404909.2839,flamesafe,200,1,209,0,1,0,
1790404909.3090,flamesafe,200,1,210,0,1,0,
1790404909.3336,flamesafe,200,1,211,0,1,0,
1790404909.3587,flamesafe,200,1,212,0,1,0,
1790404909.3838,flamesafe,200,1,213,0,1,0,
1790404909.4089,flamesafe,200,1,214,0,1,0,
1790404909.4339,flamesafe,200,1,215,0,1,0,
1790404909.4590,flamesafe,200,1,216,0,1,0,
1790404909.4836,flamesafe,200,1,217,0,1,0,
1790404909.5087,flamesafe,200,1,218,0,1,0,
1790404909.5338,flamesafe,200,1,219,0,1,0,
1790404909.5589,flamesafe,200,1,220,0,1,0,
1790404909.5839,flamesafe,200,1,221,0,1,0,
1790404909.6086,flamesafe,200,1,222,0,1,0,
1790404909.6337,flamesafe,200,1,223,0,1,0,
1790404909.6588,flamesafe,200,1,224,0,1,0,
1790404909.6839,flamesafe,200,1,225,0,1,0,
1790404909.7090,flamesafe,200,1,226,0,1,0,
1790404909.7336,flamesafe,200,1,227,0,1,0,
1790404909.7588,flamesafe,200,1,228,0,1,0,
1790404909.7839,flamesafe,200,1,229,0,1,0,
1790404909.8089,flamesafe,200,1,230,0,1,0,
1790404909.8340,flamesafe,200,1,231,0,1,0,
1790404909.8586,flamesafe,200,1,232,0,1,0,
1790404909.8838,flamesafe,200,1,233,0,1,0,
1790404909.9089,flamesafe,200,1,234,0,1,0,
1790404909.9340,flamesafe,200,1,235,0,1,0,
1790404909.9586,flamesafe,200,1,236,0,1,0,
1790404909.9837,flamesafe,200,1,237,0,1,0,
1790404910.0088,flamesafe,200,1,238,0,1,0,
1790404910.0337,flamesafe,200,1,239,0,1,0,
1790404910.0587,flamesafe,200,1,240,0,1,0,
1790404910.0838,flamesafe,200,1,241,0,1,0,
1790404910.1090,flamesafe,200,1,242,0,1,0,
1790404910.1340,flamesafe,200,1,243,0,1,0,
1790404910.1587,flamesafe,200,1,244,0,1,0,
1790404910.1838,flamesafe,200,1,245,0,1,0,
1790404910.2089,flamesafe,200,1,246,0,1,0,
1790404910.2340,flamesafe,200,1,247,0,1,0,
1790404910.2590,flamesafe,200,1,248,0,1,0,
1790404910.2837,flamesafe,200,1,249,0,1,0,
1790404910.3088,flamesafe,200,1,250,0,1,0,
1790404910.3339,flamesafe,200,1,251,0,1,0,
1790404910.3587,flamesafe,200,1,252,0,1,0,
1790404910.3839,flamesafe,200,1,253,0,1,0,
1790404910.4090,flamesafe,200,1,254,0,1,0,
1790404910.4336,flamesafe,200,1,255,0,1,0,
1790404910.4587,flamesafe,200,1,0,0,1,0,
1790404910.4838,flamesafe,200,1,1,0,1,0,
1790404910.5089,flamesafe,200,1,2,0,1,0,
1790404910.5340,flamesafe,200,1,3,0,1,0,
1790404910.5588,flamesafe,200,1,4,0,1,0,
1790404910.5839,flamesafe,200,1,5,0,1,0,
1790404910.6090,flamesafe,200,1,6,0,1,0,
1790404910.6341,flamesafe,200,1,7,0,1,0,
1790404910.6586,flamesafe,200,1,8,0,1,0,
1790404910.6837,flamesafe,200,1,9,0,1,0,
1790404910.7088,flamesafe,200,1,10,0,1,0,
1790404910.7339,flamesafe,200,1,11,0,1,0,
1790404910.7590,flamesafe,200,1,12,0,1,0,
1790404910.7836,flamesafe,200,1,13,0,1,0,
1790404910.8087,flamesafe,200,1,14,0,1,0,
1790404910.8337,flamesafe,200,1,15,0,1,0,
1790404910.8588,flamesafe,200,1,16,0,1,0,
1790404910.8839,flamesafe,200,1,17,0,1,0,
1790404910.9087,flamesafe,200,1,18,0,1,0,
1790404910.9348,flamesafe,200,1,19,0,1,0,
1790404910.9589,flamesafe,200,1,20,0,1,0,
1790404910.9836,flamesafe,200,1,21,0,1,0,
1790404911.0087,flamesafe,200,1,22,0,1,0,
1790404911.0339,flamesafe,200,1,23,0,1,0,
1790404911.0590,flamesafe,200,1,24,0,1,0,
1790404911.0837,flamesafe,200,1,25,0,1,0,
1790404911.1088,flamesafe,200,1,26,0,1,0,
1790404911.1340,flamesafe,200,1,27,0,1,0,
1790404911.1586,flamesafe,200,1,28,0,1,0,
1790404911.1838,flamesafe,200,1,29,0,1,0,
1790404911.2088,flamesafe,200,1,30,0,1,0,
1790404911.2339,flamesafe,200,1,31,0,1,0,
1790404911.2590,flamesafe,200,1,32,0,1,0,
1790404911.2836,flamesafe,200,1,33,0,1,0,
1790404911.3087,flamesafe,200,1,34,0,1,0,
1790404911.3338,flamesafe,200,1,35,0,1,0,
1790404911.3588,flamesafe,200,1,36,0,1,0,
1790404911.3839,flamesafe,200,1,37,0,1,0,
1790404911.4090,flamesafe,200,1,38,0,1,0,
1790404911.4336,flamesafe,200,1,39,0,1,0,
1790404911.4587,flamesafe,200,1,40,0,1,0,
1790404911.4838,flamesafe,200,1,41,0,1,0,
1790404911.5089,flamesafe,200,1,42,0,1,0,
1790404911.5340,flamesafe,200,1,43,0,1,0,
1790404911.5586,flamesafe,200,1,44,0,1,0,
1790404911.5837,flamesafe,200,1,45,0,1,0,
1790404911.6089,flamesafe,200,1,46,0,1,0,
1790404911.6340,flamesafe,200,1,47,0,1,0,
1790404911.6588,flamesafe,200,1,48,0,1,0,
1790404911.6839,flamesafe,200,1,49,0,1,0,
1790404911.7090,flamesafe,200,1,50,0,1,0,
1790404911.7336,flamesafe,200,1,51,0,1,0,
1790404911.7588,flamesafe,200,1,52,0,1,0,
1790404911.7839,flamesafe,200,1,53,0,1,0,
1790404911.8090,flamesafe,200,1,54,0,1,0,
1790404911.8340,flamesafe,200,1,55,0,1,0,
1790404911.8586,flamesafe,200,1,56,0,1,0,
1790404911.8837,flamesafe,200,1,57,0,1,0,
1790404911.9088,flamesafe,200,1,58,0,1,0,
1790404911.9339,flamesafe,200,1,59,0,1,0,
1790404911.9590,flamesafe,200,1,60,0,1,0,
1790404911.9836,flamesafe,200,1,61,0,1,0,
1790404912.0087,flamesafe,200,1,62,0,1,0,
1790404912.0338,flamesafe,200,1,63,0,1,0,
1790404912.0589,flamesafe,200,1,64,0,1,0,
1790404912.0841,flamesafe,200,1,65,0,1,0,
1790404912.1086,flamesafe,200,1,66,0,1,0,
1790404912.1337,flamesafe,200,1,67,0,1,0,
1790404912.1588,flamesafe,200,1,68,0,1,0,
1790404912.1839,flamesafe,200,1,69,0,1,0,
1790404912.2089,flamesafe,200,1,70,0,1,0,
1790404912.2340,flamesafe,200,1,71,0,1,0,
1790404912.2586,flamesafe,200,1,72,0,1,0,
1790404912.2837,flamesafe,200,1,73,0,1,0,
1790404912.3088,flamesafe,200,1,74,0,1,0,
1790404912.3339,flamesafe,200,1,75,0,1,0,
1790404912.3590,flamesafe,200,1,76,0,1,0,
1790404912.3836,flamesafe,200,1,77,0,1,0,
1790404912.4086,flamesafe,200,1,78,0,1,0,
1790404912.4337,flamesafe,200,1,79,0,1,0,
1790404912.4588,flamesafe,200,1,80,0,1,0,
1790404912.4839,flamesafe,200,1,81,0,1,0,
1790404912.5090,flamesafe,200,1,82,0,1,0,
1790404912.5336,flamesafe,200,1,83,0,1,0,
1790404912.5588,flamesafe,200,1,84,0,1,0,
1790404912.5839,flamesafe,200,1,85,0,1,0,
1790404912.6090,flamesafe,200,1,86,0,1,0,
1790404912.6336,flamesafe,200,1,87,0,1,0,
1790404912.6587,flamesafe,200,1,88,0,1,0,
1790404912.6838,flamesafe,200,1,89,0,1,0,
1790404912.7089,flamesafe,200,1,90,0,1,0,
1790404912.7340,flamesafe,200,1,91,0,1,0,
1790404912.7588,flamesafe,200,1,92,0,1,0,
1790404912.7836,flamesafe,200,1,93,0,1,0,
1790404912.8086,flamesafe,200,1,94,0,1,0,
1790404912.8337,flamesafe,200,1,95,0,1,0,
1790404912.8588,flamesafe,200,1,96,0,1,0,
1790404912.8839,flamesafe,200,1,97,0,1,0,
1790404912.9090,flamesafe,200,1,98,0,1,0,
1790404912.9336,flamesafe,200,1,99,0,1,0,
1790404912.9587,flamesafe,200,1,100,0,1,0,
1790404912.9838,flamesafe,200,1,101,0,1,0,
1790404913.0089,flamesafe,200,1,102,0,1,0,
1790404913.0340,flamesafe,200,1,103,0,1,0,
1790404913.0586,flamesafe,200,1,104,0,1,0,
1790404913.0837,flamesafe,200,1,105,0,1,0,
1790404913.1088,flamesafe,200,1,106,0,1,0,
1790404913.1339,flamesafe,200,1,107,0,1,0,
1790404913.1590,flamesafe,200,1,108,0,1,0,
1790404913.1841,flamesafe,200,1,109,0,1,0,
1790404913.2086,flamesafe,200,1,110,0,1,0,
1790404913.2337,flamesafe,200,1,111,0,1,0,
1790404913.2588,flamesafe,200,1,112,0,1,0,
1790404913.2839,flamesafe,200,1,113,0,1,0,
1790404913.3090,flamesafe,200,1,114,0,1,0,
1790404913.3336,flamesafe,200,1,115,0,1,0,
1790404913.3588,flamesafe,200,1,116,0,1,0,
1790404913.3839,flamesafe,200,1,117,0,1,0,
1790404913.4090,flamesafe,200,1,118,0,1,0,
1790404913.4341,flamesafe,200,1,119,0,1,0,
1790404913.4587,flamesafe,200,1,120,0,1,0,
1790404913.4838,flamesafe,200,1,121,0,1,0,
1790404913.5090,flamesafe,200,1,122,0,1,0,
1790404913.5340,flamesafe,200,1,123,0,1,0,
1790404913.5586,flamesafe,200,1,124,0,1,0,
1790404913.5837,flamesafe,200,1,125,0,1,0,
1790404913.6088,flamesafe,200,1,126,0,1,0,
1790404913.6339,flamesafe,200,1,127,0,1,0,
1790404913.6590,flamesafe,200,1,128,0,1,0,
1790404913.6836,flamesafe,200,1,129,0,1,0,
1790404913.7088,flamesafe,200,1,130,0,1,0,
1790404913.7338,flamesafe,200,1,131,0,1,0,
1790404913.7589,flamesafe,200,1,132,0,1,0,
1790404913.7838,flamesafe,200,1,133,0,1,0,
1790404913.8089,flamesafe,200,1,134,0,1,0,
1790404913.8340,flamesafe,200,1,135,0,1,0,
1790404913.8586,flamesafe,200,1,136,0,1,0,
1790404913.8837,flamesafe,200,1,137,0,1,0,
1790404913.9089,flamesafe,200,1,138,0,1,0,
1790404913.9340,flamesafe,200,1,139,0,1,0,
1790404913.9591,flamesafe,200,1,140,0,1,0,
1790404913.9838,flamesafe,200,1,141,0,1,0,
1790404914.0089,flamesafe,200,1,142,0,1,0,
1790404914.0340,flamesafe,200,1,143,0,1,0,
1790404914.0586,flamesafe,200,1,144,0,1,0,
1790404914.0837,flamesafe,200,1,145,0,1,0,
1790404914.1088,flamesafe,200,1,146,0,1,0,
1790404914.1338,flamesafe,200,1,147,0,1,0,
1790404914.1589,flamesafe,200,1,148,0,1,0,
1790404914.1840,flamesafe,200,1,149,0,1,0,
1790404914.2087,flamesafe,200,1,150,0,1,0,
1790404914.2338,flamesafe,200,1,151,0,1,0,
1790404914.2590,flamesafe,200,1,152,0,1,0,
1790404914.2840,flamesafe,200,1,153,0,1,0,
1790404914.3086,flamesafe,200,1,154,0,1,0,
1790404914.3337,flamesafe,200,1,155,0,1,0,
1790404914.3587,flamesafe,200,1,156,0,1,0,
1790404914.3839,flamesafe,200,1,157,0,1,0,
1790404914.4090,flamesafe,200,1,158,0,1,0,
1790404914.4340,flamesafe,200,1,159,0,1,0,
1790404914.4586,flamesafe,200,1,160,0,1,0,
1790404914.4837,flamesafe,200,1,161,0,1,0,
1790404914.5088,flamesafe,200,1,162,0,1,0,
1790404914.5339,flamesafe,200,1,163,0,1,0,
1790404914.5590,flamesafe,200,1,164,0,1,0,
1790404914.5839,flamesafe,200,1,165,0,1,0,
1790404914.6090,flamesafe,200,1,166,0,1,0,
1790404914.6340,flamesafe,200,1,167,0,1,0,
1790404914.6586,flamesafe,200,1,168,0,1,0,
1790404914.6837,flamesafe,200,1,169,0,1,0,
1790404914.7089,flamesafe,200,1,170,0,1,0,
1790404914.7340,flamesafe,200,1,171,0,1,0,
1790404914.7586,flamesafe,200,1,172,0,1,0,
1790404914.7838,flamesafe,200,1,173,0,1,0,
1790404914.8089,flamesafe,200,1,174,0,1,0,
1790404914.8340,flamesafe,200,1,175,0,1,0,
1790404914.8591,flamesafe,200,1,176,0,1,0,
1790404914.8837,flamesafe,200,1,177,0,1,0,
1790404914.9088,flamesafe,200,1,178,0,1,0,
1790404914.9339,flamesafe,200,1,179,0,1,0,
1790404914.9590,flamesafe,200,1,180,0,1,0,
1790404914.9837,flamesafe,200,1,181,0,1,0,
1790404915.0087,flamesafe,200,1,182,0,1,0,
1790404915.0338,flamesafe,200,1,183,0,1,0,
1790404915.0589,flamesafe,200,1,184,0,1,0,
1790404915.0840,flamesafe,200,1,185,0,1,0,
1790404915.1086,flamesafe,200,1,186,0,1,0,
1790404915.1337,flamesafe,200,1,187,0,1,0,
1790404915.1587,flamesafe,200,1,188,0,1,0,
1790404915.1840,flamesafe,200,1,189,0,1,0,
1790404915.2086,flamesafe,200,1,190,0,1,0,
1790404915.2336,flamesafe,200,1,191,0,1,0,
1790404915.2587,flamesafe,200,1,192,0,1,0,
1790404915.2838,flamesafe,200,1,193,0,1,0,
1790404915.3089,flamesafe,200,1,194,0,1,0,
1790404915.3340,flamesafe,200,1,195,0,1,0,
1790404915.3586,flamesafe,200,1,196,0,1,0,
1790404915.3838,flamesafe,200,1,197,0,1,0,
1790404915.4089,flamesafe,200,1,198,0,1,0,
1790404915.4340,flamesafe,200,1,199,0,1,0,
1790404915.4590,flamesafe,200,1,200,0,1,0,
1790404915.4836,flamesafe,200,1,201,0,1,0,
1790404915.5087,flamesafe,200,1,202,0,1,0,
1790404915.5338,flamesafe,200,1,203,0,1,0,
1790404915.5588,flamesafe,200,1,204,0,1,0,
1790404915.5840,flamesafe,200,1,205,0,1,0,
1790404915.6091,flamesafe,200,1,206,0,1,0,
1790404915.6337,flamesafe,200,1,207,0,1,0,
1790404915.6588,flamesafe,200,1,208,0,1,0,
1790404915.6839,flamesafe,200,1,209,0,1,0,
1790404915.7090,flamesafe,200,1,210,0,1,0,
1790404915.7340,flamesafe,200,1,211,0,1,0,
1790404915.7586,flamesafe,200,1,212,0,1,0,
1790404915.7840,flamesafe,200,1,213,0,1,0,
1790404915.8091,flamesafe,200,1,214,0,1,0,
1790404915.8337,flamesafe,200,1,215,0,1,0,
1790404915.8588,flamesafe,200,1,216,0,1,0,
1790404915.8839,flamesafe,200,1,217,0,1,0,
1790404915.9089,flamesafe,200,1,218,0,1,0,
1790404915.9341,flamesafe,200,1,219,0,1,0,
1790404915.9586,flamesafe,200,1,220,0,1,0,
1790404915.9838,flamesafe,200,1,221,0,1,0,
1790404916.0090,flamesafe,200,1,222,0,1,0,
1790404916.0339,flamesafe,200,1,223,0,1,0,
1790404916.0590,flamesafe,200,1,224,0,1,0,
1790404916.0836,flamesafe,200,1,225,0,1,0,
1790404916.1087,flamesafe,200,1,226,0,1,0,
1790404916.1338,flamesafe,200,1,227,0,1,0,
1790404916.1589,flamesafe,200,1,228,0,1,0,
1790404916.1840,flamesafe,200,1,229,0,1,0,
1790404916.2087,flamesafe,200,1,230,0,1,0,
1790404916.2337,flamesafe,200,1,231,0,1,0,
1790404916.2588,flamesafe,200,1,232,0,1,0,
1790404916.2839,flamesafe,200,1,233,0,1,0,
1790404916.3090,flamesafe,200,1,234,0,1,0,
1790404916.3336,flamesafe,200,1,235,0,1,0,
1790404916.3587,flamesafe,200,1,236,0,1,0,
1790404916.3838,flamesafe,200,1,237,0,1,0,
1790404916.4090,flamesafe,200,1,238,0,1,0,
1790404916.4336,flamesafe,200,1,239,0,1,0,
1790404916.4587,flamesafe,200,1,240,0,1,0,
1790404916.4837,flamesafe,200,1,241,0,1,0,
1790404916.5088,flamesafe,200,1,242,0,1,0,
1790404916.5339,flamesafe,200,1,243,0,1,0,
1790404916.5590,flamesafe,200,1,244,0,1,0,
1790404916.5836,flamesafe,200,1,245,0,1,0,
1790404916.6087,flamesafe,200,1,246,0,1,0,
1790404916.6338,flamesafe,200,1,247,0,1,0,
1790404916.6589,flamesafe,200,1,248,0,1,0,
1790404916.6840,flamesafe,200,1,249,0,1,0,
1790404916.7091,flamesafe,200,1,250,0,1,0,
1790404916.7336,flamesafe,200,1,251,0,1,0,
1790404916.7588,flamesafe,200,1,252,0,1,0,
1790404916.7839,flamesafe,200,1,253,0,1,0,
1790404916.8090,flamesafe,200,1,254,0,1,0,
1790404916.8336,flamesafe,200,1,255,0,1,0,
1790404916.8587,flamesafe,200,1,0,0,1,0,
1790404916.8838,flamesafe,200,1,1,0,1,0,
1790404916.9089,flamesafe,200,1,2,0,1,0,
1790404916.9340,flamesafe,200,1,3,0,1,0,
1790404916.9586,flamesafe,200,1,4,0,1,0,
1790404916.9838,flamesafe,200,1,5,0,1,0,
1790404917.0089,flamesafe,200,1,6,0,1,0,
1790404917.0338,flamesafe,200,1,7,0,1,0,
1790404917.0589,flamesafe,200,1,8,0,1,0,
1790404917.0840,flamesafe,200,1,9,0,1,0,
1790404917.1086,flamesafe,200,1,10,0,1,0,
1790404917.1337,flamesafe,200,1,11,0,1,0,
1790404917.1587,flamesafe,200,1,12,0,1,0,
1790404917.1838,flamesafe,200,1,13,0,1,0,
1790404917.2090,flamesafe,200,1,14,0,1,0,
1790404917.2337,flamesafe,200,1,15,0,1,0,
1790404917.2588,flamesafe,200,1,16,0,1,0,
1790404917.2839,flamesafe,200,1,17,0,1,0,
1790404917.3091,flamesafe,200,1,18,0,1,0,
1790404917.3337,flamesafe,200,1,19,0,1,0,
1790404917.3588,flamesafe,200,1,20,0,1,0,
1790404917.3840,flamesafe,200,1,21,0,1,0,
1790404917.4086,flamesafe,200,1,22,0,1,0,
1790404917.4337,flamesafe,200,1,23,0,1,0,
1790404917.4588,flamesafe,200,1,24,0,1,0,
1790404917.4839,flamesafe,200,1,25,0,1,0,
1790404917.5090,flamesafe,200,1,26,0,1,0,
1790404917.5341,flamesafe,200,1,27,0,1,0,
1790404917.5586,flamesafe,200,1,28,0,1,0,
1790404917.5837,flamesafe,200,1,29,0,1,0,
1790404917.6089,flamesafe,200,1,30,0,1,0,
1790404917.6340,flamesafe,200,1,31,0,1,0,
1790404917.6591,flamesafe,200,1,32,0,1,0,
1790404917.6839,flamesafe,200,1,33,0,1,0,
1790404917.7090,flamesafe,200,1,34,0,1,0,
1790404917.7336,flamesafe,200,1,35,0,1,0,
1790404917.7587,flamesafe,200,1,36,0,1,0,
1790404917.7838,flamesafe,200,1,37,0,1,0,
1790404917.8090,flamesafe,200,1,38,0,1,0,
1790404917.8341,flamesafe,200,1,39,0,1,0,
1790404917.8586,flamesafe,200,1,40,0,1,0,
1790404917.8837,flamesafe,200,1,41,0,1,0,
1790404917.9088,flamesafe,200,1,42,0,1,0,
1790404917.9339,flamesafe,200,1,43,0,1,0,
1790404917.9590,flamesafe,200,1,44,0,1,0,
1790404917.9836,flamesafe,200,1,45,0,1,0,
1790404918.0087,flamesafe,200,1,46,0,1,0,
1790404918.0337,flamesafe,200,1,47,0,1,0,
1790404918.0588,flamesafe,200,1,48,0,1,0,
1790404918.0839,flamesafe,200,1,49,0,1,0,
1790404918.1086,flamesafe,200,1,50,0,1,0,
1790404918.1337,flamesafe,200,1,51,0,1,0,
1790404918.1588,flamesafe,200,1,52,0,1,0,
1790404918.1839,flamesafe,200,1,53,0,1,0,
1790404918.2090,flamesafe,200,1,54,0,1,0,
1790404918.2336,flamesafe,200,1,55,0,1,0,
1790404918.2587,flamesafe,200,1,56,0,1,0,
1790404918.2838,flamesafe,200,1,57,0,1,0,
1790404918.3089,flamesafe,200,1,58,0,1,0,
1790404918.3340,flamesafe,200,1,59,0,1,0,
1790404918.3587,flamesafe,200,1,60,0,1,0,
1790404918.3838,flamesafe,200,1,61,0,1,0,
1790404918.4090,flamesafe,200,1,62,0,1,0,
1790404918.4340,flamesafe,200,1,63,0,1,0,
1790404918.4586,flamesafe,200,1,64,0,1,0,
1790404918.4837,flamesafe,200,1,65,0,1,0,
1790404918.5088,flamesafe,200,1,66,0,1,0,
1790404918.5339,flamesafe,200,1,67,0,1,0,
1790404918.5590,flamesafe,200,1,68,0,1,0,
1790404918.5841,flamesafe,200,1,69,0,1,0,
1790404918.6087,flamesafe,200,1,70,0,1,0,
1790404918.6338,flamesafe,200,1,71,0,1,0,
1790404918.6589,flamesafe,200,1,72,0,1,0,
1790404918.6840,flamesafe,200,1,73,0,1,0,
1790404918.7086,flamesafe,200,1,74,0,1,0,
1790404918.7337,flamesafe,200,1,75,0,1,0,
1790404918.7588,flamesafe,200,1,76,0,1,0,
1790404918.7837,flamesafe,200,1,77,0,1,0,
1790404918.8093,flamesafe,200,1,78,0,1,0,
1790404918.8339,flamesafe,200,1,79,0,1,0,
1790404918.8590,flamesafe,200,1,80,0,1,0,
1790404918.8836,flamesafe,200,1,81,0,1,0,
1790404918.9090,flamesafe,200,1,82,0,1,0,
1790404918.9336,flamesafe,200,1,83,0,1,0,
1790404918.9587,flamesafe,200,1,84,0,1,0,
1790404918.9839,flamesafe,200,1,85,0,1,0,
1790404919.0091,flamesafe,200,1,86,0,1,0,
1790404919.0337,flamesafe,200,1,87,0,1,0,
1790404919.0588,flamesafe,200,1,88,0,1,0,
1790404919.0839,flamesafe,200,1,89,0,1,0,
1790404919.1090,flamesafe,200,1,90,0,1,0,
1790404919.1336,flamesafe,200,1,91,0,1,0,
1790404919.1587,flamesafe,200,1,92,0,1,0,
1790404919.1838,flamesafe,200,1,93,0,1,0,
1790404919.2090,flamesafe,200,1,94,0,1,0,
1790404919.2336,flamesafe,200,1,95,0,1,0,
1790404919.2587,flamesafe,200,1,96,0,1,0,
1790404919.2838,flamesafe,200,1,97,0,1,0,
1790404919.3089,flamesafe,200,1,98,0,1,0,
1790404919.3340,flamesafe,200,1,99,0,1,0,
1790404919.3586,flamesafe,200,1,100,0,1,0,
1790404919.3837,flamesafe,200,1,101,0,1,0,
1790404919.4088,flamesafe,200,1,102,0,1,0,
1790404919.4339,flamesafe,200,1,103,0,1,0,
1790404919.4590,flamesafe,200,1,104,0,1,0,
1790404919.4836,flamesafe,200,1,105,0,1,0,
1790404919.5087,flamesafe,200,1,106,0,1,0,
1790404919.5338,flamesafe,200,1,107,0,1,0,
1790404919.5589,flamesafe,200,1,108,0,1,0,
1790404919.5840,flamesafe,200,1,109,0,1,0,
1790404919.6087,flamesafe,200,1,110,0,1,0,
1790404919.6338,flamesafe,200,1,111,0,1,0,
1790404919.6589,flamesafe,200,1,112,0,1,0,
1790404919.6840,flamesafe,200,1,113,0,1,0,
1790404919.7086,flamesafe,200,1,114,0,1,0,
1790404919.7337,flamesafe,200,1,115,0,1,0,
1790404919.7588,flamesafe,200,1,116,0,1,0,
1790404919.7839,flamesafe,200,1,117,0,1,0,
1790404919.8090,flamesafe,200,1,118,0,1,0,
1790404919.8340,flamesafe,200,1,119,0,1,0,
1790404919.8586,flamesafe,200,1,120,0,1,0,
1790404919.8837,flamesafe,200,1,121,0,1,0,
1790404919.9088,flamesafe,200,1,122,0,1,0,
1790404919.9339,flamesafe,200,1,123,0,1,0,
1790404919.9590,flamesafe,200,1,124,0,1,0,
1790404919.9836,flamesafe,200,1,125,0,1,0,
1790404920.0088,flamesafe,200,1,126,0,1,0,
1790404920.0339,flamesafe,200,1,127,0,1,0,
1790404920.0590,flamesafe,200,1,128,0,1,0,
1790404920.0836,flamesafe,200,1,129,0,1,0,
1790404920.1087,flamesafe,200,1,130,0,1,0,
1790404920.1338,flamesafe,200,1,131,0,1,0,
1790404920.1589,flamesafe,200,1,132,0,1,0,
1790404920.1840,flamesafe,200,1,133,0,1,0,
1790404920.2086,flamesafe,200,1,134,0,1,0,
1790404920.2337,flamesafe,200,1,135,0,1,0,
1790404920.2589,flamesafe,200,1,136,0,1,0,
1790404920.2839,flamesafe,200,1,137,0,1,0,
1790404920.3090,flamesafe,200,1,138,0,1,0,
1790404920.3336,flamesafe,200,1,139,0,1,0,
1790404920.3587,flamesafe,200,1,140,0,1,0,
1790404920.3838,flamesafe,200,1,141,0,1,0,
1790404920.4089,flamesafe,200,1,142,0,1,0,
1790404920.4340,flamesafe,200,1,143,0,1,0,
1790404920.4590,flamesafe,200,1,144,0,1,0,
1790404920.4837,flamesafe,200,1,145,0,1,0,
1790404920.5087,flamesafe,200,1,146,0,1,0,
1790404920.5338,flamesafe,200,1,147,0,1,0,
1790404920.5589,flamesafe,200,1,148,0,1,0,
1790404920.5840,flamesafe,200,1,149,0,1,0,
1790404920.6086,flamesafe,200,1,150,0,1,0,
1790404920.6337,flamesafe,200,1,151,0,1,0,
1790404920.6588,flamesafe,200,1,152,0,1,0,
1790404920.6840,flamesafe,200,1,153,0,1,0,
1790404920.7086,flamesafe,200,1,154,0,1,0,
1790404920.7336,flamesafe,200,1,155,0,1,0,
1790404920.7587,flamesafe,200,1,156,0,1,0,
1790404920.7840,flamesafe,200,1,157,0,1,0,
1790404920.8086,flamesafe,200,1,158,0,1,0,
1790404920.8338,flamesafe,200,1,159,0,1,0,
1790404920.8589,flamesafe,200,1,160,0,1,0,
1790404920.8840,flamesafe,200,1,161,0,1,0,
1790404920.9090,flamesafe,200,1,162,0,1,0,
1790404920.9336,flamesafe,200,1,163,0,1,0,
1790404920.9587,flamesafe,200,1,164,0,1,0,
1790404920.9837,flamesafe,200,1,165,0,1,0,
1790404921.0088,flamesafe,200,1,166,0,1,0,
1790404921.0339,flamesafe,200,1,167,0,1,0,
1790404921.0590,flamesafe,200,1,168,0,1,0,
1790404921.0836,flamesafe,200,1,169,0,1,0,
1790404921.1087,flamesafe,200,1,170,0,1,0,
1790404921.1338,flamesafe,200,1,171,0,1,0,
1790404921.1589,flamesafe,200,1,172,0,1,0,
1790404921.1840,flamesafe,200,1,173,0,1,0,
1790404921.2091,flamesafe,200,1,174,0,1,0,
1790404921.2337,flamesafe,200,1,175,0,1,0,
1790404921.2337,flamesafe,200,1,176,0,1,0,
1790404921.2337,flamesafe,200,1,177,0,1,0,
1790404921.2337,flamesafe,200,1,178,64,1,0,
1790404921.2337,flamesafe,200,1,179,64,1,0,
1790404921.2337,flamesafe,200,1,180,64,1,0,
