1790401820.281,00:00:00:00
1790401820.314,00:00:00:01
1790401820.347,00:00:00:02
1790401820.380,00:00:00:03
1790401820.414,00:00:00:04
1790401820.447,00:00:00:05
1790401820.480,00:00:00:06
1790401820.514,00:00:00:07
1790401820.547,00:00:00:08
1790401820.581,00:00:00:09
1790401820.614,00:00:00:10
1790401820.647,00:00:00:11
1790401820.680,00:00:00:12
1790401820.714,00:00:00:13
1790401820.747,00:00:00:14
1790401820.781,00:00:00:15
1790401820.814,00:00:00:16
1790401820.847,00:00:00:17
1790401820.880,00:00:00:18
1790401820.914,00:00:00:19
1790401820.947,00:00:00:20
1790401820.981,00:00:00:21
1790401821.014,00:00:00:22
1790401821.047,00:00:00:23
1790401821.081,00:00:00:24
1790401821.114,00:00:00:25
1790401821.147,00:00:00:26
1790401821.181,00:00:00:27
1790401821.214,00:00:00:28
1790401821.247,00:00:00:29
1790401821.280,00:00:01:00
1790401821.314,00:00:01:01
1790401821.347,00:00:01:02
1790401821.381,00:00:01:03
1790401821.414,00:00:01:04
1790401821.447,00:00:01:05
1790401821.480,00:00:01:06
1790401821.514,00:00:01:07
1790401821.547,00:00:01:08
1790401821.581,00:00:01:09
1790401821.614,00:00:01:10
1790401821.647,00:00:01:11
1790401821.681,00:00:01:12
1790401821.714,00:00:01:13
1790401821.747,00:00:01:14
1790401821.780,00:00:01:15
1790401821.814,00:00:01:16
1790401821.847,00:00:01:17
1790401821.881,00:00:01:18
1790401821.914,00:00:01:19
1790401821.947,00:00:01:20
1790401821.981,00:00:01:21
1790401822.014,00:00:01:22
1790401822.047,00:00:01:23
1790401822.080,00:00:01:24
1790401822.114,00:00:01:25
1790401822.147,00:00:01:26
1790401822.180,00:00:01:27
1790401822.214,00:00:01:28
1790401822.247,00:00:01:29
1790401822.280,00:00:02:00
1790401822.314,00:00:02:01
1790401822.347,00:00:02:02
1790401822.381,00:00:02:03
1790401822.414,00:00:02:04
1790401822.447,00:00:02:05
1790401822.481,00:00:02:06
1790401822.514,00:00:02:07
1790401822.547,00:00:02:08
1790401822.580,00:00:02:09
1790401822.614,00:00:02:10
1790401822.647,00:00:02:11
1790401822.681,00:00:02:12
1790401822.714,00:00:02:13
1790401822.747,00:00:02:14
1790401822.780,00:00:02:15
1790401822.814,00:00:02:16
1790401822.847,00:00:02:17
1790401822.881,00:00:02:18
1790401822.914,00:00:02:19
1790401822.947,00:00:02:20
1790401822.980,00:00:02:21
1790401823.014,00:00:02:22
1790401823.047,00:00:02:23
1790401823.080,00:00:02:24
1790401823.114,00:00:02:25
1790401823.147,00:00:02:26
1790401823.180,00:00:02:27
1790401823.214,00:00:02:28
1790401823.247,00:00:02:29
1790401823.281,00:00:03:00
1790401823.314,00:00:03:01
1790401823.347,00:00:03:02
1790401823.380,00:00:03:03
1790401823.414,00:00:03:04
1790401823.447,00:00:03:05
1790401823.480,00:00:03:06
1790401823.514,00:00:03:07
1790401823.547,00:00:03:08
1790401823.580,00:00:03:09
1790401823.614,00:00:03:10
1790401823.647,00:00:03:11
1790401823.681,00:00:03:12
1790401823.714,00:00:03:13
1790401823.747,00:00:03:14
1790401823.780,00:00:03:15
1790401823.814,00:00:03:16
1790401823.847,00:00:03:17
1790401823.881,00:00:03:18
1790401823.914,00:00:03:19
1790401823.947,00:00:03:20
1790401823.980,00:00:03:21
1790401824.014,00:00:03:22
1790401824.047,00:00:03:23
1790401824.080,00:00:03:24
1790401824.114,00:00:03:25
1790401824.147,00:00:03:26
1790401824.180,00:00:03:27
1790401824.214,00:00:03:28
1790401824.247,00:00:03:29
1790401824.280,00:00:04:00
1790401824.314,00:00:04:01
1790401824.347,00:00:04:02
1790401824.381,00:00:04:03
1790401824.414,00:00:04:04
1790401824.447,00:00:04:05
1790401824.480,00:00:04:06
1790401824.514,00:00:04:07
1790401824.547,00:00:04:08
1790401824.581,00:00:04:09
1790401824.614,00:00:04:10
1790401824.647,00:00:04:11
1790401824.681,00:00:04:12
1790401824.714,00:00:04:13
1790401824.747,00:00:04:14
1790401824.780,00:00:04:15
1790401824.814,00:00:04:16
1790401824.847,00:00:04:17
1790401824.881,00:00:04:18
1790401824.914,00:00:04:19
1790401824.947,00:00:04:20
1790401824.980,00:00:04:21
1790401825.014,00:00:04:22
1790401825.047,00:00:04:23
1790401825.080,00:00:04:24
1790401825.114,00:00:04:25
1790401825.147,00:00:04:26
1790401825.180,00:00:04:27
1790401825.214,00:00:04:28
1790401825.247,00:00:04:29
1790401825.280,00:00:05:00
1790401825.314,00:00:05:01
1790401825.347,00:00:05:02
1790401825.380,00:00:05:03
1790401825.414,00:00:05:04
1790401825.447,00:00:05:05
1790401825.480,00:00:05:06
1790401825.514,00:00:05:07
1790401825.547,00:00:05:08
1790401825.580,00:00:05:09
1790401825.614,00:00:05:10
1790401825.647,00:00:05:11
1790401825.680,00:00:05:12
1790401825.714,00:00:05:13
1790401825.747,00:00:05:14
1790401825.780,00:00:05:15
1790401825.814,00:00:05:16
1790401825.847,00:00:05:17
1790401825.880,00:00:05:18
1790401825.914,00:00:05:19
1790401825.947,00:00:05:20
1790401825.981,00:00:05:21
1790401826.014,00:00:05:22
1790401826.047,00:00:05:23
1790401826.081,00:00:05:24
1790401826.114,00:00:05:25
1790401826.147,00:00:05:26
1790401826.180,00:00:05:27
1790401826.214,00:00:05:28
1790401826.247,00:00:05:29
1790401826.281,00:00:06:00
1790401826.314,00:00:06:01
1790401826.347,00:00:06:02
1790401826.380,00:00:06:03
1790401826.414,00:00:06:04
1790401826.447,00:00:06:05
1790401826.480,00:00:06:06
1790401826.514,00:00:06:07
1790401826.547,00:00:06:08
1790401826.580,00:00:06:09
1790401826.614,00:00:06:10
1790401826.647,00:00:06:11
1790401826.681,00:00:06:12
1790401826.714,00:00:06:13
1790401826.747,00:00:06:14
1790401826.780,00:00:06:15
1790401826.814,00:00:06:16
1790401826.847,00:00:06:17
1790401826.881,00:00:06:18
1790401826.914,00:00:06:19
1790401826.947,00:00:06:20
1790401826.981,00:00:06:21
1790401827.014,00:00:06:22
1790401827.047,00:00:06:23
1790401827.080,00:00:06:24
1790401827.114,00:00:06:25
1790401827.147,00:00:06:26
1790401827.180,00:00:06:27
1790401827.214,00:00:06:28
1790401827.247,00:00:06:29
1790401827.280,00:00:07:00
1790401827.314,00:00:07:01
1790401827.347,00:00:07:02
1790401827.380,00:00:07:03
1790401827.414,00:00:07:04
1790401827.447,00:00:07:05
1790401827.481,00:00:07:06
1790401827.514,00:00:07:07
1790401827.547,00:00:07:08
1790401827.580,00:00:07:09
1790401827.614,00:00:07:10
1790401827.647,00:00:07:11
1790401827.681,00:00:07:12
1790401827.714,00:00:07:13
1790401827.747,00:00:07:14
1790401827.781,00:00:07:15
1790401827.814,00:00:07:16
1790401827.847,00:00:07:17
1790401827.880,00:00:07:18
1790401827.914,00:00:07:19
1790401827.947,00:00:07:20
1790401827.981,00:00:07:21
1790401828.014,00:00:07:22
1790401828.047,00:00:07:23
1790401828.081,00:00:07:24
1790401828.114,00:00:07:25
1790401828.147,00:00:07:26
1790401828.180,00:00:07:27
1790401828.214,00:00:07:28
1790401828.247,00:00:07:29
1790401828.280,00:00:08:00
1790401828.314,00:00:08:01
1790401828.347,00:00:08:02
1790401828.381,00:00:08:03
1790401828.414,00:00:08:04
1790401828.447,00:00:08:05
1790401828.481,00:00:08:06
1790401828.514,00:00:08:07
1790401828.547,00:00:08:08
1790401828.580,00:00:08:09
1790401828.614,00:00:08:10
1790401828.647,00:00:08:11
1790401828.680,00:00:08:12
1790401828.714,00:00:08:13
1790401828.747,00:00:08:14
1790401828.781,00:00:08:15
1790401828.814,00:00:08:16
1790401828.847,00:00:08:17
1790401828.880,00:00:08:18
1790401828.914,00:00:08:19
1790401828.947,00:00:08:20
1790401828.980,00:00:08:21
1790401829.014,00:00:08:22
1790401829.047,00:00:08:23
1790401829.081,00:00:08:24
1790401829.114,00:00:08:25
1790401829.147,00:00:08:26
1790401829.180,00:00:08:27
1790401829.214,00:00:08:28
1790401829.247,00:00:08:29
1790401829.281,00:00:09:00
1790401829.314,00:00:09:01
1790401829.347,00:00:09:02
1790401829.380,00:00:09:03
1790401829.414,00:00:09:04
1790401829.447,00:00:09:05
1790401829.481,00:00:09:06
1790401829.514,00:00:09:07
1790401829.547,00:00:09:08
1790401829.581,00:00:09:09
1790401829.614,00:00:09:10
1790401829.647,00:00:09:11
1790401829.680,00:00:09:12
1790401829.714,00:00:09:13
1790401829.747,00:00:09:14
1790401829.780,00:00:09:15
1790401829.814,00:00:09:16
1790401829.847,00:00:09:17
1790401829.880,00:00:09:18
1790401829.914,00:00:09:19
1790401829.947,00:00:09:20
1790401829.981,00:00:09:21
1790401830.014,00:00:09:22
1790401830.047,00:00:09:23
1790401830.080,00:00:09:24
1790401830.114,00:00:09:25
1790401830.147,00:00:09:26
1790401830.181,00:00:09:27
1790401830.214,00:00:09:28
1790401830.247,00:00:09:29
1790401830.280,00:00:10:00
1790401830.314,00:00:10:01
1790401830.347,00:00:10:02
1790401830.380,00:00:10:03
1790401830.414,00:00:10:04
1790401830.447,00:00:10:05
1790401830.481,00:00:10:06
1790401830.514,00:00:10:07
1790401830.547,00:00:10:08
1790401830.580,00:00:10:09
1790401830.614,00:00:10:10
1790401830.647,00:00:10:11
1790401830.681,00:00:10:12
1790401830.714,00:00:10:13
1790401830.747,00:00:10:14
1790401830.780,00:00:10:15
1790401830.814,00:00:10:16
1790401830.847,00:00:10:17
1790401830.881,00:00:10:18
1790401830.914,00:00:10:19
1790401830.947,00:00:10:20
1790401830.981,00:00:10:21
1790401831.014,00:00:10:22
1790401831.047,00:00:10:23
1790401831.081,00:00:10:24
1790401831.114,00:00:10:25
1790401831.147,00:00:10:26
1790401831.181,00:00:10:27
1790401831.214,00:00:10:28
1790401831.247,00:00:10:29
1790401831.280,00:00:11:00
1790401831.314,00:00:11:01
1790401831.347,00:00:11:02
1790401831.381,00:00:11:03
1790401831.414,00:00:11:04
1790401831.447,00:00:11:05
1790401831.480,00:00:11:06
1790401831.514,00:00:11:07
1790401831.547,00:00:11:08
1790401831.580,00:00:11:09
1790401831.614,00:00:11:10
1790401831.647,00:00:11:11
1790401831.680,00:00:11:12
1790401831.714,00:00:11:13
1790401831.747,00:00:11:14
1790401831.780,00:00:11:15
1790401831.814,00:00:11:16
1790401831.847,00:00:11:17
1790401831.881,00:00:11:18
1790401831.914,00:00:11:19
1790401831.947,00:00:11:20
1790401831.980,00:00:11:21
1790401832.014,00:00:11:22
1790401832.047,00:00:11:23
1790401832.081,00:00:11:24
1790401832.114,00:00:11:25
1790401832.147,00:00:11:26
1790401832.180,00:00:11:27
1790401832.214,00:00:11:28
1790401832.247,00:00:11:29
1790401832.281,00:00:12:00
1790401832.314,00:00:12:01
1790401832.347,00:00:12:02
1790401832.381,00:00:12:03
1790401832.414,00:00:12:04
1790401832.447,00:00:12:05
1790401832.481,00:00:12:06
1790401832.514,00:00:12:07
1790401832.547,00:00:12:08
1790401832.581,00:00:12:09
1790401832.614,00:00:12:10
1790401832.647,00:00:12:11
1790401832.681,00:00:12:12
1790401832.714,00:00:12:13
1790401832.747,00:00:12:14
1790401832.780,00:00:12:15
1790401832.814,00:00:12:16
1790401832.847,00:00:12:17
1790401832.880,00:00:12:18
1790401832.914,00:00:12:19
1790401832.947,00:00:12:20
1790401832.981,00:00:12:21
1790401833.014,00:00:12:22
1790401833.047,00:00:12:23
1790401833.081,00:00:12:24
1790401833.114,00:00:12:25
1790401833.147,00:00:12:26
1790401833.180,00:00:12:27
1790401833.214,00:00:12:28
1790401833.247,00:00:12:29
1790401833.280,00:00:13:00
1790401833.314,00:00:13:01
1790401833.347,00:00:13:02
1790401833.380,00:00:13:03
1790401833.414,00:00:13:04
1790401833.447,00:00:13:05
1790401833.480,00:00:13:06
1790401833.514,00:00:13:07
1790401833.547,00:00:13:08
1790401833.581,00:00:13:09
1790401833.614,00:00:13:10
1790401833.647,00:00:13:11
1790401833.680,00:00:13:12
1790401833.714,00:00:13:13
1790401833.747,00:00:13:14
1790401833.780,00:00:13:15
1790401833.814,00:00:13:16
1790401833.847,00:00:13:17
1790401833.880,00:00:13:18
1790401833.914,00:00:13:19
1790401833.947,00:00:13:20
1790401833.980,00:00:13:21
1790401834.014,00:00:13:22
1790401834.047,00:00:13:23
1790401834.081,00:00:13:24
1790401834.114,00:00:13:25
1790401834.147,00:00:13:26
1790401834.180,00:00:13:27
1790401834.214,00:00:13:28
1790401834.247,00:00:13:29
1790401834.281,00:00:14:00
1790401834.314,00:00:14:01
1790401834.347,00:00:14:02
1790401834.380,00:00:14:03
1790401834.414,00:00:14:04
1790401834.447,00:00:14:05
1790401834.480,00:00:14:06
1790401834.514,00:00:14:07
1790401834.547,00:00:14:08
1790401834.580,00:00:14:09
1790401834.614,00:00:14:10
1790401834.647,00:00:14:11
1790401834.680,00:00:14:12
1790401834.714,00:00:14:13
1790401834.747,00:00:14:14
1790401834.780,00:00:14:15
1790401834.814,00:00:14:16
1790401834.847,00:00:14:17
1790401834.881,00:00:14:18
1790401834.914,00:00:14:19
1790401834.947,00:00:14:20
1790401834.981,00:00:14:21
1790401835.014,00:00:14:22
1790401835.047,00:00:14:23
1790401835.081,00:00:14:24
1790401835.114,00:00:14:25
1790401835.147,00:00:14:26
1790401835.180,00:00:14:27
1790401835.214,00:00:14:28
1790401835.247,00:00:14:29
1790401835.281,00:00:15:00
1790401835.314,00:00:15:01
1790401835.347,00:00:15:02
1790401835.380,00:00:15:03
1790401835.414,00:00:15:04
1790401835.447,00:00:15:05
1790401835.481,00:00:15:06
1790401835.514,00:00:15:07
1790401835.547,00:00:15:08
1790401835.580,00:00:15:09
1790401835.614,00:00:15:10
1790401835.647,00:00:15:11
1790401835.681,00:00:15:12
1790401835.714,00:00:15:13
1790401835.747,00:00:15:14
1790401835.781,00:00:15:15
1790401835.814,00:00:15:16
1790401835.847,00:00:15:17
1790401835.881,00:00:15:18
1790401835.914,00:00:15:19
1790401835.947,00:00:15:20
1790401835.980,00:00:15:21
1790401836.014,00:00:15:22
1790401836.047,00:00:15:23
1790401836.080,00:00:15:24
1790401836.114,00:00:15:25
1790401836.147,00:00:15:26
1790401836.181,00:00:15:27
1790401836.214,00:00:15:28
1790401836.247,00:00:15:29
1790401836.280,00:00:16:00
1790401836.314,00:00:16:01
1790401836.347,00:00:16:02
1790401836.380,00:00:16:03
1790401836.414,00:00:16:04
1790401836.447,00:00:16:05
1790401836.481,00:00:16:06
1790401836.514,00:00:16:07
1790401836.547,00:00:16:08
1790401836.580,00:00:16:09
1790401836.614,00:00:16:10
1790401836.647,00:00:16:11
1790401836.680,00:00:16:12
1790401836.714,00:00:16:13
1790401836.747,00:00:16:14
1790401836.780,00:00:16:15
1790401836.814,00:00:16:16
1790401836.847,00:00:16:17
1790401836.881,00:00:16:18
1790401836.914,00:00:16:19
1790401836.947,00:00:16:20
1790401836.980,00:00:16:21
1790401837.014,00:00:16:22
1790401837.047,00:00:16:23
1790401837.080,00:00:16:24
1790401837.114,00:00:16:25
1790401837.147,00:00:16:26
1790401837.180,00:00:16:27
1790401837.214,00:00:16:28
1790401837.247,00:00:16:29
1790401837.281,00:00:17:00
1790401837.314,00:00:17:01
1790401837.347,00:00:17:02
1790401837.381,00:00:17:03
1790401837.414,00:00:17:04
1790401837.447,00:00:17:05
1790401837.480,00:00:17:06
1790401837.514,00:00:17:07
1790401837.547,00:00:17:08
1790401837.581,00:00:17:09
1790401837.614,00:00:17:10
1790401837.647,00:00:17:11
1790401837.680,00:00:17:12
1790401837.714,00:00:17:13
1790401837.747,00:00:17:14
1790401837.781,00:00:17:15
1790401837.814,00:00:17:16
1790401837.847,00:00:17:17
1790401837.881,00:00:17:18
1790401837.914,00:00:17:19
1790401837.947,00:00:17:20
1790401837.981,00:00:17:21
1790401838.014,00:00:17:22
1790401838.047,00:00:17:23
1790401838.080,00:00:17:24
1790401838.114,00:00:17:25
1790401838.147,00:00:17:26
1790401838.181,00:00:17:27
1790401838.214,00:00:17:28
1790401838.247,00:00:17:29
1790401838.280,00:00:18:00
1790401838.314,00:00:18:01
1790401838.347,00:00:18:02
1790401838.380,00:00:18:03
1790401838.414,00:00:18:04
1790401838.447,00:00:18:05
1790401838.480,00:00:18:06
1790401838.514,00:00:18:07
1790401838.547,00:00:18:08
1790401838.581,00:00:18:09
1790401838.614,00:00:18:10
1790401838.647,00:00:18:11
1790401838.680,00:00:18:12
1790401838.714,00:00:18:13
1790401838.747,00:00:18:14
1790401838.780,00:00:18:15
1790401838.814,00:00:18:16
1790401838.847,00:00:18:17
1790401838.880,00:00:18:18
1790401838.914,00:00:18:19
1790401838.947,00:00:18:20
1790401838.981,00:00:18:21
1790401839.014,00:00:18:22
1790401839.047,00:00:18:23
1790401839.080,00:00:18:24
1790401839.114,00:00:18:25
1790401839.147,00:00:18:26
1790401839.180,00:00:18:27
1790401839.214,00:00:18:28
1790401839.247,00:00:18:29
1790401839.280,00:00:19:00
1790401839.314,00:00:19:01
1790401839.347,00:00:19:02
1790401839.380,00:00:19:03
1790401839.414,00:00:19:04
1790401839.447,00:00:19:05
1790401839.481,00:00:19:06
1790401839.514,00:00:19:07
1790401839.547,00:00:19:08
1790401839.580,00:00:19:09
1790401839.614,00:00:19:10
1790401839.647,00:00:19:11
1790401839.681,00:00:19:12
1790401839.714,00:00:19:13
1790401839.747,00:00:19:14
1790401839.781,00:00:19:15
1790401839.814,00:00:19:16
1790401839.847,00:00:19:17
1790401839.881,00:00:19:18
1790401839.914,00:00:19:19
1790401839.947,00:00:19:20
1790401839.981,00:00:19:21
1790401840.014,00:00:19:22
1790401840.047,00:00:19:23
1790401840.080,00:00:19:24
1790401840.114,00:00:19:25
1790401840.147,00:00:19:26
1790401840.181,00:00:19:27
1790401840.214,00:00:19:28
1790401840.247,00:00:19:29
1790401840.281,00:00:19:29
1790401840.314,00:00:19:29
1790401840.347,00:00:19:29
1790401840.380,00:00:19:29
1790401840.414,00:00:19:29
1790401840.447,00:00:19:29
1790401840.481,00:00:19:29
1790401840.514,00:00:19:29
1790401840.547,00:00:19:29
1790401840.580,00:00:19:29
1790401840.614,00:00:19:29
1790401840.647,00:00:19:29
1790401840.681,00:00:19:29
1790401840.714,00:00:19:29
1790401840.747,00:00:19:29
1790401840.780,00:00:19:29
1790401840.814,00:00:19:29
1790401840.847,00:00:19:29
1790401840.880,00:00:19:29
1790401840.914,00:00:19:29
1790401840.947,00:00:19:29
1790401840.980,00:00:19:29
1790401841.014,00:00:19:29
1790401841.047,00:00:19:29
1790401841.081,00:00:19:29
1790401841.114,00:00:19:29
1790401841.147,00:00:19:29
1790401841.180,00:00:19:29
1790401841.214,00:00:19:29
1790401841.247,00:00:19:29
1790401841.281,00:00:19:29
1790401841.314,00:00:19:29
1790401841.347,00:00:19:29
1790401841.381,00:00:19:29
1790401841.414,00:00:19:29
1790401841.447,00:00:19:29
1790401841.481,00:00:19:29
1790401841.514,00:00:19:29
1790401841.547,00:00:19:29
1790401841.581,00:00:19:29
1790401841.614,00:00:19:29
1790401841.647,00:00:19:29
1790401841.680,00:00:19:29
1790401841.714,00:00:19:29
1790401841.747,00:00:19:29
1790401841.780,00:00:19:29
1790401841.814,00:00:19:29
1790401841.847,00:00:19:29
1790401841.881,00:00:19:29
1790401841.914,00:00:19:29
1790401841.947,00:00:19:29
1790401841.980,00:00:19:29
1790401842.014,00:00:19:29
1790401842.047,00:00:19:29
1790401842.081,00:00:19:29
1790401842.114,00:00:19:29
1790401842.147,00:00:19:29
1790401842.181,00:00:19:29
1790401842.214,00:00:19:29
1790401842.247,00:00:19:29
1790401842.281,00:00:19:29
1790401842.314,00:00:19:29
1790401842.347,00:00:19:29
1790401842.380,00:00:19:29
1790401842.414,00:00:19:29
1790401842.447,00:00:19:29
1790401842.480,00:00:19:29
1790401842.514,00:00:19:29
1790401842.547,00:00:19:29
1790401842.581,00:00:19:29
1790401842.614,00:00:19:29
1790401842.647,00:00:19:29
1790401842.681,00:00:19:29
1790401842.714,00:00:19:29
1790401842.747,00:00:19:29
1790401842.781,00:00:19:29
1790401842.814,00:00:19:29
1790401842.847,00:00:19:29
1790401842.880,00:00:19:29
1790401842.914,00:00:19:29
1790401842.947,00:00:19:29
1790401842.981,00:00:19:29
1790401843.014,00:00:19:29
1790401843.047,00:00:19:29
1790401843.081,00:00:19:29
1790401843.114,00:00:19:29
1790401843.147,00:00:19:29
1790401843.181,00:00:19:29
1790401843.214,00:00:19:29
1790401843.247,00:00:19:29
1790401843.280,00:00:19:29
1790401843.314,00:00:19:29
1790401843.347,00:00:19:29
1790401843.381,00:00:19:29
1790401843.414,00:00:19:29
1790401843.447,00:00:19:29
1790401843.481,00:00:19:29
1790401843.514,00:00:19:29
1790401843.547,00:00:19:29
1790401843.580,00:00:19:29
1790401843.614,00:00:19:29
1790401843.647,00:00:19:29
1790401843.680,00:00:19:29
1790401843.714,00:00:19:29
1790401843.747,00:00:19:29
1790401843.780,00:00:19:29
1790401843.814,00:00:19:29
1790401843.847,00:00:19:29
1790401843.880,00:00:19:29
1790401843.914,00:00:19:29
1790401843.947,00:00:19:29
1790401843.980,00:00:19:29
1790401844.014,00:00:19:29
1790401844.047,00:00:19:29
1790401844.081,00:00:19:29
1790401844.114,00:00:19:29
1790401844.147,00:00:19:29
1790401844.180,00:00:19:29
1790401844.214,00:00:19:29
1790401844.247,00:00:19:29
1790401844.280,00:00:19:29
1790401844.314,00:00:19:29
1790401844.347,00:00:19:29
1790401844.381,00:00:19:29
1790401844.414,00:00:19:29
1790401844.447,00:00:19:29
1790401844.480,00:00:19:29
1790401844.514,00:00:19:29
1790401844.547,00:00:19:29
1790401844.580,00:00:19:29
1790401844.614,00:00:19:29
1790401844.647,00:00:19:29
1790401844.681,00:00:19:29
1790401844.714,00:00:19:29
1790401844.747,00:00:19:29
1790401844.780,00:00:19:29
1790401844.814,00:00:19:29
1790401844.847,00:00:19:29
1790401844.880,00:00:19:29
1790401844.914,00:00:19:29
1790401844.947,00:00:19:29
1790401844.981,00:00:19:29
1790401845.014,00:00:19:29
1790401845.047,00:00:19:29
1790401845.081,00:00:19:29
1790401845.114,00:00:19:29
1790401845.147,00:00:19:29
1790401845.180,00:00:19:29
1790401845.214,00:00:19:29
1790401845.247,00:00:19:29
1790401845.280,00:00:19:29
1790401845.314,00:00:19:29
1790401845.347,00:00:19:29
1790401845.381,00:00:19:29
1790401845.414,00:00:19:29
1790401845.447,00:00:19:29
1790401845.481,00:00:19:29
1790401845.514,00:00:19:29
1790401845.547,00:00:19:29
1790401845.580,00:00:19:29
1790401845.614,00:00:19:29
1790401845.647,00:00:19:29
1790401845.681,00:00:19:29
1790401845.714,00:00:19:29
1790401845.747,00:00:19:29
1790401845.781,00:00:19:29
1790401845.814,00:00:19:29
1790401845.847,00:00:19:29
1790401845.881,00:00:19:29
1790401845.914,00:00:19:29
1790401845.947,00:00:19:29
1790401845.980,00:00:19:29
1790401846.014,00:00:19:29
1790401846.047,00:00:19:29
1790401846.080,00:00:19:29
1790401846.114,00:00:19:29
1790401846.147,00:00:19:29
1790401846.181,00:00:19:29
1790401846.214,00:00:19:29
1790401846.247,00:00:19:29
1790401846.280,00:00:19:29
1790401846.314,00:00:19:29
1790401846.347,00:00:19:29
1790401846.381,00:00:19:29
1790401846.414,00:00:19:29
1790401846.447,00:00:19:29
1790401846.481,00:00:19:29
1790401846.514,00:00:19:29
1790401846.547,00:00:19:29
1790401846.581,00:00:19:29
1790401846.614,00:00:19:29
1790401846.647,00:00:19:29
1790401846.680,00:00:19:29
1790401846.714,00:00:19:29
1790401846.747,00:00:19:29
1790401846.781,00:00:19:29
1790401846.814,00:00:19:29
1790401846.847,00:00:19:29
1790401846.880,00:00:19:29
1790401846.914,00:00:19:29
1790401846.947,00:00:19:29
1790401846.980,00:00:19:29
1790401847.014,00:00:19:29
1790401847.047,00:00:19:29
1790401847.080,00:00:19:29
1790401847.114,00:00:19:29
1790401847.147,00:00:19:29
1790401847.180,00:00:19:29
1790401847.214,00:00:19:29
1790401847.247,00:00:19:29
1790401847.281,00:00:19:29
1790401847.314,00:00:19:29
1790401847.347,00:00:19:29
1790401847.380,00:00:19:29
1790401847.414,00:00:19:29
1790401847.447,00:00:19:29
1790401847.480,00:00:19:29
1790401847.514,00:00:19:29
1790401847.547,00:00:19:29
1790401847.580,00:00:19:29
1790401847.614,00:00:19:29
1790401847.647,00:00:19:29
1790401847.680,00:00:19:29
1790401847.714,00:00:19:29
1790401847.747,00:00:19:29
1790401847.781,00:00:19:29
1790401847.814,00:00:19:29
1790401847.847,00:00:19:29
1790401847.880,00:00:19:29
1790401847.914,00:00:19:29
1790401847.947,00:00:19:29
1790401847.981,00:00:19:29
1790401848.014,00:00:19:29
1790401848.047,00:00:19:29
1790401848.080,00:00:19:29
1790401848.114,00:00:19:29
1790401848.147,00:00:19:29
1790401848.181,00:00:19:29
1790401848.214,00:00:19:29
1790401848.247,00:00:19:29
1790401848.280,00:00:19:29
1790401848.314,00:00:19:29
1790401848.347,00:00:19:29
1790401848.380,00:00:19:29
1790401848.414,00:00:19:29
1790401848.447,00:00:19:29
1790401848.481,00:00:19:29
1790401848.514,00:00:19:29
1790401848.547,00:00:19:29
1790401848.580,00:00:19:29
1790401848.614,00:00:19:29
1790401848.647,00:00:19:29
1790401848.680,00:00:19:29
1790401848.714,00:00:19:29
1790401848.747,00:00:19:29
1790401848.781,00:00:19:29
1790401848.814,00:00:19:29
1790401848.847,00:00:19:29
1790401848.880,00:00:19:29
1790401848.914,00:00:19:29
1790401848.947,00:00:19:29
1790401848.980,00:00:19:29
1790401849.014,00:00:19:29
1790401849.047,00:00:19:29
1790401849.081,00:00:19:29
1790401849.114,00:00:19:29
1790401849.147,00:00:19:29
1790401849.180,00:00:19:29
1790401849.214,00:00:19:29
1790401849.247,00:00:19:29
1790401849.281,00:00:19:29
1790401849.314,00:00:19:29
1790401849.347,00:00:19:29
1790401849.380,00:00:19:29
1790401849.414,00:00:19:29
1790401849.447,00:00:19:29
1790401849.480,00:00:19:29
1790401849.514,00:00:19:29
1790401849.547,00:00:19:29
1790401849.580,00:00:19:29
1790401849.614,00:00:19:29
1790401849.647,00:00:19:29
1790401849.681,00:00:19:29
1790401849.714,00:00:19:29
1790401849.747,00:00:19:29
1790401849.781,00:00:19:29
1790401849.814,00:00:19:29
1790401849.847,00:00:19:29
1790401849.880,00:00:19:29
1790401849.914,00:00:19:29
1790401849.947,00:00:19:29
1790401849.980,00:00:19:29
1790401850.014,00:00:19:29
1790401850.047,00:00:19:29
1790401850.081,00:00:19:29
1790401850.114,00:00:19:29
1790401850.147,00:00:19:29
1790401850.181,00:00:19:29
1790401850.214,00:00:19:29
1790401850.247,00:00:19:29
1790401850.281,00:00:19:29
1790401850.314,00:00:19:29
1790401850.347,00:00:19:29
1790401850.380,00:00:19:29
1790401850.414,00:00:19:29
1790401850.447,00:00:19:29
1790401850.480,00:00:19:29
1790401850.514,00:00:19:29
1790401850.547,00:00:19:29
1790401850.580,00:00:19:29
1790401850.614,00:00:19:29
1790401850.647,00:00:19:29
1790401850.681,00:00:19:29
1790401850.714,00:00:19:29
1790401850.747,00:00:19:29
1790401850.781,00:00:19:29
1790401850.814,00:00:19:29
1790401850.847,00:00:19:29
1790401850.880,00:00:19:29
1790401850.914,00:00:19:29
1790401850.947,00:00:19:29
1790401850.980,00:00:19:29
1790401851.014,00:00:19:29
1790401851.047,00:00:19:29
1790401851.080,00:00:19:29
1790401851.114,00:00:19:29
1790401851.147,00:00:19:29
1790401851.180,00:00:19:29
1790401851.214,00:00:19:29
1790401851.247,00:00:19:29
1790401851.281,00:00:19:29
1790401851.314,00:00:19:29
1790401851.347,00:00:19:29
1790401851.380,00:00:19:29
1790401851.414,00:00:19:29
1790401851.447,00:00:19:29
1790401851.481,00:00:19:29
1790401851.514,00:00:19:29
1790401851.547,00:00:19:29
1790401851.580,00:00:19:29
1790401851.614,00:00:19:29
1790401851.647,00:00:19:29
1790401851.680,00:00:19:29
1790401851.714,00:00:19:29
1790401851.747,00:00:19:29
1790401851.781,00:00:19:29
1790401851.814,00:00:19:29
1790401851.847,00:00:19:29
1790401851.881,00:00:19:29
1790401851.914,00:00:19:29
1790401851.947,00:00:19:29
1790401851.980,00:00:19:29
1790401852.014,00:00:19:29
1790401852.047,00:00:19:29
1790401852.081,00:00:19:29
1790401852.114,00:00:19:29
1790401852.147,00:00:19:29
1790401852.181,00:00:19:29
1790401852.214,00:00:19:29
1790401852.247,00:00:19:29
1790401852.280,00:00:19:29
1790401852.314,00:00:19:29
1790401852.347,00:00:19:29
1790401852.380,00:00:19:29
1790401852.414,00:00:19:29
1790401852.447,00:00:19:29
1790401852.481,00:00:19:29
1790401852.514,00:00:19:29
1790401852.547,00:00:19:29
1790401852.580,00:00:19:29
1790401852.614,00:00:19:29
1790401852.647,00:00:19:29
1790401852.681,00:00:19:29
1790401852.714,00:00:19:29
1790401852.747,00:00:19:29
1790401852.780,00:00:19:29
1790401852.814,00:00:19:29
1790401852.847,00:00:19:29
1790401852.881,00:00:19:29
1790401852.914,00:00:19:29
1790401852.947,00:00:19:29
1790401852.980,00:00:19:29
1790401853.014,00:00:19:29
1790401853.047,00:00:19:29
1790401853.081,00:00:19:29
1790401853.114,00:00:19:29
1790401853.147,00:00:19:29
1790401853.180,00:00:19:29
1790401853.214,00:00:19:29
1790401853.247,00:00:19:29
1790401853.281,00:00:19:29
1790401853.314,00:00:19:29
1790401853.347,00:00:19:29
1790401853.380,00:00:19:29
1790401853.414,00:00:19:29
1790401853.447,00:00:19:29
1790401853.481,00:00:19:29
1790401853.514,00:00:19:29
1790401853.547,00:00:19:29
1790401853.580,00:00:19:29
1790401853.614,00:00:19:29
1790401853.647,00:00:19:29
1790401853.681,00:00:19:29
1790401853.714,00:00:19:29
1790401853.747,00:00:19:29
1790401853.781,00:00:19:29
1790401853.814,00:00:19:29
1790401853.847,00:00:19:29
1790401853.880,00:00:19:29
1790401853.914,00:00:19:29
1790401853.947,00:00:19:29
1790401853.980,00:00:19:29
1790401854.014,00:00:19:29
1790401854.047,00:00:19:29
1790401854.080,00:00:19:29
1790401854.114,00:00:19:29
1790401854.147,00:00:19:29
1790401854.181,00:00:19:29
1790401854.214,00:00:19:29
1790401854.247,00:00:19:29
1790401854.280,00:00:19:29
1790401854.314,00:00:19:29
1790401854.347,00:00:19:29
1790401854.380,00:00:19:29
1790401854.414,00:00:19:29
1790401854.447,00:00:19:29
1790401854.481,00:00:19:29
1790401854.514,00:00:19:29
1790401854.547,00:00:19:29
1790401854.581,00:00:19:29
1790401854.614,00:00:19:29
1790401854.647,00:00:19:29
1790401854.680,00:00:19:29
1790401854.714,00:00:19:29
1790401854.747,00:00:19:29
1790401854.781,00:00:19:29
1790401854.814,00:00:19:29
1790401854.847,00:00:19:29
1790401854.881,00:00:19:29
1790401854.914,00:00:19:29
1790401854.947,00:00:19:29
1790401854.981,00:00:19:29
1790401855.014,00:00:19:29
1790401855.047,00:00:19:29
1790401855.080,00:00:19:29
1790401855.114,00:00:19:29
1790401855.147,00:00:19:29
1790401855.180,00:00:19:29
1790401855.214,00:00:19:29
1790401855.247,00:00:19:29
1790401855.281,00:00:19:29
1790401855.314,00:00:19:29
1790401855.347,00:00:19:29
1790401855.381,00:00:19:29
1790401855.414,00:00:19:29
1790401855.447,00:00:19:29
1790401855.481,00:00:19:29
1790401855.514,00:00:19:29
1790401855.547,00:00:19:29
1790401855.581,00:00:19:29
1790401855.614,00:00:19:29
1790401855.647,00:00:19:29
1790401855.680,00:00:19:29
1790401855.714,00:00:19:29
1790401855.747,00:00:19:29
1790401855.781,00:00:19:29
1790401855.814,00:00:19:29
1790401855.847,00:00:19:29
1790401855.881,00:00:19:29
1790401855.914,00:00:19:29
1790401855.947,00:00:19:29
1790401855.980,00:00:19:29
1790401856.014,00:00:19:29
1790401856.047,00:00:19:29
1790401856.081,00:00:19:29
1790401856.114,00:00:19:29
1790401856.147,00:00:19:29
1790401856.180,00:00:19:29
1790401856.214,00:00:19:29
1790401856.247,00:00:19:29
1790401856.280,00:00:19:29
1790401856.314,00:00:19:29
1790401856.347,00:00:19:29
1790401856.380,00:00:19:29
1790401856.414,00:00:19:29
1790401856.447,00:00:19:29
1790401856.480,00:00:19:29
1790401856.514,00:00:19:29
1790401856.547,00:00:19:29
1790401856.580,00:00:19:29
1790401856.614,00:00:19:29
1790401856.647,00:00:19:29
1790401856.680,00:00:19:29
1790401856.714,00:00:19:29
1790401856.747,00:00:19:29
1790401856.780,00:00:19:29
1790401856.814,00:00:19:29
1790401856.847,00:00:19:29
1790401856.880,00:00:19:29
1790401856.914,00:00:19:29
1790401856.947,00:00:19:29
1790401856.980,00:00:19:29
1790401857.014,00:00:19:29
1790401857.047,00:00:19:29
1790401857.081,00:00:19:29
1790401857.114,00:00:19:29
1790401857.147,00:00:19:29
1790401857.180,00:00:19:29
1790401857.214,00:00:19:29
1790401857.247,00:00:19:29
1790401857.281,00:00:19:29
1790401857.314,00:00:19:29
1790401857.347,00:00:19:29
1790401857.380,00:00:19:29
1790401857.414,00:00:19:29
1790401857.447,00:00:19:29
1790401857.481,00:00:19:29
1790401857.514,00:00:19:29
1790401857.547,00:00:19:29
1790401857.581,00:00:19:29
1790401857.614,00:00:19:29
1790401857.648,00:00:19:29
1790401857.681,00:00:19:29
1790401857.714,00:00:19:29
1790401857.747,00:00:19:29
1790401857.780,00:00:19:29
1790401857.814,00:00:19:29
1790401857.847,00:00:19:29
1790401857.880,00:00:19:29
1790401857.914,00:00:19:29
1790401857.947,00:00:19:29
1790401857.980,00:00:19:29
1790401858.014,00:00:19:29
1790401858.047,00:00:19:29
1790401858.081,00:00:19:29
1790401858.114,00:00:19:29
1790401858.147,00:00:19:29
1790401858.180,00:00:19:29
1790401858.214,00:00:19:29
1790401858.247,00:00:19:29
1790401858.280,00:00:19:29
1790401858.314,00:00:19:29
1790401858.347,00:00:19:29
1790401858.380,00:00:19:29
1790401858.414,00:00:19:29
1790401858.447,00:00:19:29
1790401858.481,00:00:19:29
1790401858.514,00:00:19:29
1790401858.547,00:00:19:29
1790401858.580,00:00:19:29
1790401858.614,00:00:19:29
1790401858.647,00:00:19:29
1790401858.680,00:00:19:29
1790401858.714,00:00:19:29
1790401858.747,00:00:19:29
1790401858.781,00:00:19:29
1790401858.814,00:00:19:29
1790401858.847,00:00:19:29
1790401858.881,00:00:19:29
1790401858.914,00:00:19:29
1790401858.947,00:00:19:29
1790401858.980,00:00:19:29
1790401859.014,00:00:19:29
1790401859.047,00:00:19:29
1790401859.081,00:00:19:29
1790401859.114,00:00:19:29
1790401859.147,00:00:19:29
1790401859.181,00:00:19:29
1790401859.214,00:00:19:29
1790401859.247,00:00:19:29
1790401859.281,00:00:19:29
1790401859.314,00:00:19:29
1790401859.347,00:00:19:29
1790401859.380,00:00:19:29
1790401859.414,00:00:19:29
1790401859.447,00:00:19:29
1790401859.481,00:00:19:29
1790401859.514,00:00:19:29
1790401859.547,00:00:19:29
1790401859.580,00:00:19:29
1790401859.614,00:00:19:29
1790401859.647,00:00:19:29
1790401859.681,00:00:19:29
1790401859.714,00:00:19:29
1790401859.747,00:00:19:29
1790401859.781,00:00:19:29
1790401859.814,00:00:19:29
1790401859.847,00:00:19:29
1790401859.880,00:00:19:29
1790401859.914,00:00:19:29
1790401859.947,00:00:19:29
1790401859.980,00:00:19:29
1790401860.014,00:00:19:29
1790401860.047,00:00:19:29
1790401860.080,00:00:19:29
1790401860.114,00:00:19:29
1790401860.147,00:00:19:29
1790401860.180,00:00:19:29
1790401860.214,00:00:19:29
1790401860.247,00:00:19:29
1790401860.280,00:00:19:29
1790401860.314,00:00:19:29
1790401860.347,00:00:19:29
1790401860.381,00:00:19:29
1790401860.414,00:00:19:29
1790401860.447,00:00:19:29
1790401860.480,00:00:19:29
1790401860.514,00:00:19:29
1790401860.547,00:00:19:29
1790401860.580,00:00:19:29
1790401860.614,00:00:19:29
1790401860.647,00:00:19:29
1790401860.681,00:00:19:29
1790401860.714,00:00:19:29
1790401860.747,00:00:19:29
1790401860.781,00:00:19:29
1790401860.814,00:00:19:29
1790401860.847,00:00:19:29
1790401860.881,00:00:19:29
1790401860.914,00:00:19:29
1790401860.947,00:00:19:29
1790401860.981,00:00:19:29
1790401861.014,00:00:19:29
1790401861.047,00:00:19:29
1790401861.081,00:00:19:29
1790401861.114,00:00:19:29
1790401861.147,00:00:19:29
1790401861.181,00:00:19:29
1790401861.214,00:00:19:29
1790401861.247,00:00:19:29
1790401861.280,00:00:19:29
1790401861.314,00:00:19:29
1790401861.347,00:00:19:29
1790401861.380,00:00:19:29
1790401861.414,00:00:19:29
1790401861.447,00:00:19:29
1790401861.480,00:00:19:29
1790401861.514,00:00:19:29
1790401861.547,00:00:19:29
1790401861.581,00:00:19:29
1790401861.614,00:00:19:29
1790401861.647,00:00:19:29
1790401861.680,00:00:19:29
1790401861.714,00:00:19:29
1790401861.747,00:00:19:29
1790401861.780,00:00:19:29
1790401861.814,00:00:19:29
1790401861.847,00:00:19:29
1790401861.880,00:00:19:29
1790401861.914,00:00:19:29
1790401861.947,00:00:19:29
1790401861.981,00:00:19:29
1790401862.014,00:00:19:29
1790401862.047,00:00:19:29
1790401862.080,00:00:19:29
1790401862.114,00:00:19:29
1790401862.147,00:00:19:29
1790401862.181,00:00:19:29
1790401862.214,00:00:19:29
1790401862.247,00:00:19:29
1790401862.281,00:00:19:29
1790401862.314,00:00:19:29
1790401862.347,00:00:19:29
1790401862.380,00:00:19:29
1790401862.415,00:00:19:29
1790401862.447,00:00:19:29
1790401862.481,00:00:19:29
1790401862.514,00:00:19:29
1790401862.547,00:00:19:29
1790401862.581,00:00:19:29
1790401862.614,00:00:19:29
1790401862.647,00:00:19:29
1790401862.681,00:00:19:29
1790401862.714,00:00:19:29
1790401862.747,00:00:19:29
1790401862.780,00:00:19:29
1790401862.814,00:00:19:29
1790401862.847,00:00:19:29
1790401862.880,00:00:19:29
1790401862.914,00:00:19:29
1790401862.947,00:00:19:29
1790401862.980,00:00:19:29
1790401863.014,00:00:19:29
1790401863.047,00:00:19:29
1790401863.081,00:00:19:29
1790401863.114,00:00:19:29
1790401863.147,00:00:19:29
1790401863.180,00:00:19:29
1790401863.214,00:00:19:29
1790401863.247,00:00:19:29
1790401863.280,00:00:19:29
1790401863.314,00:00:19:29
1790401863.347,00:00:19:29
1790401863.380,00:00:19:29
1790401863.414,00:00:19:29
1790401863.447,00:00:19:29
1790401863.480,00:00:19:29
1790401863.514,00:00:19:29
1790401863.547,00:00:19:29
1790401863.581,00:00:19:29
1790401863.614,00:00:19:29
1790401863.647,00:00:19:29
1790401863.681,00:00:19:29
1790401863.714,00:00:19:29
1790401863.747,00:00:19:29
1790401863.780,00:00:19:29
1790401863.814,00:00:19:29
1790401863.847,00:00:19:29
1790401863.881,00:00:19:29
1790401863.914,00:00:19:29
1790401863.947,00:00:19:29
1790401863.980,00:00:19:29
1790401864.014,00:00:19:29
1790401864.047,00:00:19:29
1790401864.080,00:00:19:29
1790401864.114,00:00:19:29
1790401864.147,00:00:19:29
1790401864.181,00:00:19:29
1790401864.214,00:00:19:29
1790401864.247,00:00:19:29
1790401864.280,00:00:19:29
1790401864.314,00:00:19:29
1790401864.347,00:00:19:29
1790401864.380,00:00:19:29
1790401864.414,00:00:19:29
1790401864.447,00:00:19:29
1790401864.481,00:00:19:29
1790401864.514,00:00:19:29
1790401864.547,00:00:19:29
1790401864.580,00:00:19:29
1790401864.614,00:00:19:29
1790401864.647,00:00:19:29
1790401864.680,00:00:19:29
1790401864.714,00:00:19:29
1790401864.747,00:00:19:29
1790401864.780,00:00:19:29
1790401864.814,00:00:19:29
1790401864.847,00:00:19:29
1790401864.880,00:00:19:29
1790401864.914,00:00:19:29
1790401864.947,00:00:19:29
1790401864.980,00:00:19:29
1790401865.014,00:00:19:29
1790401865.047,00:00:19:29
1790401865.080,00:00:19:29
1790401865.114,00:00:19:29
1790401865.147,00:00:19:29
1790401865.180,00:00:19:29
1790401865.214,00:00:19:29
1790401865.247,00:00:19:29
1790401865.281,00:00:19:29
1790401865.314,00:00:19:29
1790401865.347,00:00:19:29
1790401865.381,00:00:19:29
1790401865.414,00:00:19:29
1790401865.447,00:00:19:29
1790401865.481,00:00:19:29
1790401865.514,00:00:19:29
1790401865.547,00:00:19:29
1790401865.581,00:00:19:29
1790401865.614,00:00:19:29
1790401865.647,00:00:19:29
1790401865.680,00:00:19:29
1790401865.714,00:00:19:29
1790401865.747,00:00:19:29
1790401865.781,00:00:19:29
1790401865.814,00:00:19:29
1790401865.847,00:00:19:29
1790401865.880,00:00:19:29
1790401865.914,00:00:19:29
1790401865.947,00:00:19:29
1790401865.981,00:00:19:29
1790401866.014,00:00:19:29
1790401866.047,00:00:19:29
1790401866.081,00:00:19:29
1790401866.114,00:00:19:29
1790401866.147,00:00:19:29
1790401866.181,00:00:19:29
1790401866.214,00:00:19:29
1790401866.247,00:00:19:29
1790401866.280,00:00:19:29
1790401866.314,00:00:19:29
1790401866.347,00:00:19:29
1790401866.381,00:00:19:29
1790401866.414,00:00:19:29
1790401866.447,00:00:19:29
1790401866.480,00:00:19:29
1790401866.514,00:00:19:29
1790401866.547,00:00:19:29
1790401866.581,00:00:19:29
1790401866.614,00:00:19:29
1790401866.647,00:00:19:29
1790401866.681,00:00:19:29
1790401866.714,00:00:19:29
1790401866.747,00:00:19:29
1790401866.780,00:00:19:29
1790401866.814,00:00:19:29
1790401866.847,00:00:19:29
1790401866.881,00:00:19:29
1790401866.914,00:00:19:29
1790401866.947,00:00:19:29
1790401866.981,00:00:19:29
1790401867.014,00:00:19:29
1790401867.047,00:00:19:29
1790401867.081,00:00:19:29
1790401867.114,00:00:19:29
1790401867.147,00:00:19:29
1790401867.181,00:00:19:29
1790401867.214,00:00:19:29
1790401867.247,00:00:19:29
1790401867.281,00:00:19:29
1790401867.314,00:00:19:29
1790401867.347,00:00:19:29
1790401867.381,00:00:19:29
1790401867.414,00:00:19:29
1790401867.447,00:00:19:29
1790401867.481,00:00:19:29
1790401867.514,00:00:19:29
1790401867.547,00:00:19:29
1790401867.580,00:00:19:29
1790401867.614,00:00:19:29
1790401867.647,00:00:19:29
1790401867.681,00:00:19:29
1790401867.714,00:00:19:29
1790401867.747,00:00:19:29
1790401867.781,00:00:19:29
1790401867.814,00:00:19:29
1790401867.847,00:00:19:29
1790401867.880,00:00:19:29
1790401867.914,00:00:19:29
1790401867.947,00:00:19:29
1790401867.980,00:00:19:29
1790401868.014,00:00:19:29
1790401868.047,00:00:19:29
1790401868.081,00:00:19:29
1790401868.114,00:00:19:29
1790401868.147,00:00:19:29
1790401868.180,00:00:19:29
1790401868.214,00:00:19:29
1790401868.247,00:00:19:29
1790401868.280,00:00:19:29
1790401868.314,00:00:19:29
1790401868.347,00:00:19:29
1790401868.380,00:00:19:29
1790401868.414,00:00:19:29
1790401868.447,00:00:19:29
1790401868.480,00:00:19:29
1790401868.514,00:00:19:29
1790401868.547,00:00:19:29
1790401868.581,00:00:19:29
1790401868.614,00:00:19:29
1790401868.647,00:00:19:29
1790401868.680,00:00:19:29
1790401868.714,00:00:19:29
1790401868.747,00:00:19:29
1790401868.781,00:00:19:29
1790401868.814,00:00:19:29
1790401868.847,00:00:19:29
1790401868.881,00:00:19:29
1790401868.914,00:00:19:29
1790401868.947,00:00:19:29
1790401868.980,00:00:19:29
1790401869.014,00:00:19:29
1790401869.047,00:00:19:29
1790401869.081,00:00:19:29
1790401869.114,00:00:19:29
1790401869.147,00:00:19:29
1790401869.181,00:00:19:29
1790401869.214,00:00:19:29
1790401869.247,00:00:19:29
1790401869.280,00:00:19:29
1790401869.314,00:00:19:29
1790401869.347,00:00:19:29
1790401869.380,00:00:19:29
1790401869.414,00:00:19:29
1790401869.447,00:00:19:29
1790401869.481,00:00:19:29
1790401869.514,00:00:19:29
1790401869.547,00:00:19:29
1790401869.580,00:00:19:29
1790401869.614,00:00:19:29
1790401869.647,00:00:19:29
1790401869.680,00:00:19:29
1790401869.714,00:00:19:29
1790401869.747,00:00:19:29
1790401869.780,00:00:19:29
1790401869.814,00:00:19:29
1790401869.847,00:00:19:29
1790401869.881,00:00:19:29
1790401869.914,00:00:19:29
1790401869.947,00:00:19:29
1790401869.980,00:00:19:29
1790401870.014,00:00:19:29
1790401870.047,00:00:19:29
1790401870.081,00:00:19:29
1790401870.114,00:00:19:29
1790401870.147,00:00:19:29
1790401870.181,00:00:19:29
1790401870.214,00:00:19:29
1790401870.247,00:00:19:29
1790401870.281,00:00:20:00
1790401870.314,00:00:20:01
1790401870.347,00:00:20:02
1790401870.380,00:00:20:03
1790401870.414,00:00:20:04
1790401870.447,00:00:20:05
1790401870.481,00:00:20:06
1790401870.514,00:00:20:07
1790401870.547,00:00:20:08
1790401870.580,00:00:20:09
1790401870.614,00:00:20:10
1790401870.647,00:00:20:11
1790401870.680,00:00:20:12
1790401870.714,00:00:20:13
1790401870.747,00:00:20:14
1790401870.781,00:00:20:15
1790401870.814,00:00:20:16
1790401870.847,00:00:20:17
1790401870.880,00:00:20:18
1790401870.914,00:00:20:19
1790401870.947,00:00:20:20
1790401870.980,00:00:20:21
1790401871.014,00:00:20:22
1790401871.047,00:00:20:23
1790401871.080,00:00:20:24
1790401871.114,00:00:20:25
1790401871.147,00:00:20:26
1790401871.180,00:00:20:27
1790401871.214,00:00:20:28
1790401871.247,00:00:20:29
1790401871.281,00:00:21:00
1790401871.314,00:00:21:01
1790401871.347,00:00:21:02
1790401871.380,00:00:21:03
1790401871.414,00:00:21:04
1790401871.447,00:00:21:05
1790401871.480,00:00:21:06
1790401871.514,00:00:21:07
1790401871.547,00:00:21:08
1790401871.580,00:00:21:09
1790401871.614,00:00:21:10
1790401871.647,00:00:21:11
1790401871.680,00:00:21:12
1790401871.714,00:00:21:13
1790401871.747,00:00:21:14
1790401871.780,00:00:21:15
1790401871.814,00:00:21:16
1790401871.847,00:00:21:17
1790401871.881,00:00:21:18
1790401871.914,00:00:21:19
1790401871.947,00:00:21:20
1790401871.980,00:00:21:21
1790401872.014,00:00:21:22
1790401872.047,00:00:21:23
1790401872.080,00:00:21:24
1790401872.114,00:00:21:25
1790401872.147,00:00:21:26
1790401872.180,00:00:21:27
1790401872.214,00:00:21:28
1790401872.247,00:00:21:29
1790401872.281,00:00:22:00
1790401872.314,00:00:22:01
1790401872.347,00:00:22:02
1790401872.380,00:00:22:03
1790401872.414,00:00:22:04
1790401872.447,00:00:22:05
1790401872.481,00:00:22:06
1790401872.514,00:00:22:07
1790401872.547,00:00:22:08
1790401872.581,00:00:22:09
1790401872.614,00:00:22:10
1790401872.647,00:00:22:11
1790401872.681,00:00:22:12
1790401872.714,00:00:22:13
1790401872.747,00:00:22:14
1790401872.781,00:00:22:15
1790401872.814,00:00:22:16
1790401872.847,00:00:22:17
1790401872.881,00:00:22:18
1790401872.914,00:00:22:19
1790401872.947,00:00:22:20
1790401872.981,00:00:22:21
1790401873.014,00:00:22:22
1790401873.047,00:00:22:23
1790401873.081,00:00:22:24
1790401873.114,00:00:22:25
1790401873.147,00:00:22:26
1790401873.180,00:00:22:27
1790401873.214,00:00:22:28
1790401873.247,00:00:22:29
1790401873.281,00:00:23:00
1790401873.314,00:00:23:01
1790401873.347,00:00:23:02
1790401873.381,00:00:23:03
1790401873.414,00:00:23:04
1790401873.447,00:00:23:05
1790401873.481,00:00:23:06
1790401873.514,00:00:23:07
1790401873.547,00:00:23:08
1790401873.580,00:00:23:09
1790401873.614,00:00:23:10
1790401873.647,00:00:23:11
1790401873.680,00:00:23:12
1790401873.714,00:00:23:13
1790401873.747,00:00:23:14
1790401873.780,00:00:23:15
1790401873.814,00:00:23:16
1790401873.847,00:00:23:17
1790401873.881,00:00:23:18
1790401873.914,00:00:23:19
1790401873.947,00:00:23:20
1790401873.981,00:00:23:21
1790401874.014,00:00:23:22
1790401874.047,00:00:23:23
1790401874.080,00:00:23:24
1790401874.114,00:00:23:25
1790401874.147,00:00:23:26
1790401874.180,00:00:23:27
1790401874.214,00:00:23:28
1790401874.247,00:00:23:29
1790401874.280,00:00:24:00
1790401874.314,00:00:24:01
1790401874.347,00:00:24:02
1790401874.380,00:00:24:03
1790401874.414,00:00:24:04
1790401874.447,00:00:24:05
1790401874.480,00:00:24:06
1790401874.514,00:00:24:07
1790401874.547,00:00:24:08
1790401874.580,00:00:24:09
1790401874.614,00:00:24:10
1790401874.647,00:00:24:11
1790401874.680,00:00:24:12
1790401874.714,00:00:24:13
1790401874.747,00:00:24:14
1790401874.780,00:00:24:15
1790401874.814,00:00:24:16
1790401874.847,00:00:24:17
1790401874.880,00:00:24:18
1790401874.914,00:00:24:19
1790401874.947,00:00:24:20
1790401874.980,00:00:24:21
1790401875.014,00:00:24:22
1790401875.047,00:00:24:23
1790401875.080,00:00:24:24
1790401875.114,00:00:24:25
1790401875.147,00:00:24:26
1790401875.181,00:00:24:27
1790401875.214,00:00:24:28
1790401875.247,00:00:24:29
1790401875.281,00:00:25:00
1790401875.314,00:00:25:01
1790401875.347,00:00:25:02
1790401875.381,00:00:25:03
1790401875.414,00:00:25:04
1790401875.447,00:00:25:05
1790401875.480,00:00:25:06
1790401875.514,00:00:25:07
1790401875.547,00:00:25:08
1790401875.581,00:00:25:09
1790401875.614,00:00:25:10
1790401875.647,00:00:25:11
1790401875.681,00:00:25:12
1790401875.714,00:00:25:13
1790401875.747,00:00:25:14
1790401875.780,00:00:25:15
1790401875.814,00:00:25:16
1790401875.847,00:00:25:17
1790401875.881,00:00:25:18
1790401875.914,00:00:25:19
1790401875.947,00:00:25:20
1790401875.981,00:00:25:21
1790401876.014,00:00:25:22
1790401876.047,00:00:25:23
1790401876.080,00:00:25:24
1790401876.114,00:00:25:25
1790401876.147,00:00:25:26
1790401876.181,00:00:25:27
1790401876.214,00:00:25:28
1790401876.247,00:00:25:29
1790401876.281,00:00:26:00
1790401876.314,00:00:26:01
1790401876.347,00:00:26:02
1790401876.380,00:00:26:03
1790401876.414,00:00:26:04
1790401876.447,00:00:26:05
1790401876.481,00:00:26:06
1790401876.514,00:00:26:07
1790401876.547,00:00:26:08
1790401876.580,00:00:26:09
1790401876.614,00:00:26:10
1790401876.647,00:00:26:11
1790401876.681,00:00:26:12
1790401876.714,00:00:26:13
1790401876.747,00:00:26:14
1790401876.781,00:00:26:15
1790401876.814,00:00:26:16
1790401876.847,00:00:26:17
1790401876.881,00:00:26:18
1790401876.914,00:00:26:19
1790401876.947,00:00:26:20
1790401876.981,00:00:26:21
1790401877.014,00:00:26:22
1790401877.047,00:00:26:23
1790401877.080,00:00:26:24
1790401877.114,00:00:26:25
1790401877.147,00:00:26:26
1790401877.181,00:00:26:27
1790401877.214,00:00:26:28
1790401877.247,00:00:26:29
1790401877.281,00:00:27:00
1790401877.314,00:00:27:01
1790401877.347,00:00:27:02
1790401877.380,00:00:27:03
1790401877.414,00:00:27:04
1790401877.447,00:00:27:05
1790401877.481,00:00:27:06
1790401877.514,00:00:27:07
1790401877.547,00:00:27:08
1790401877.580,00:00:27:09
1790401877.614,00:00:27:10
1790401877.647,00:00:27:11
1790401877.681,00:00:27:12
1790401877.714,00:00:27:13
1790401877.747,00:00:27:14
1790401877.780,00:00:27:15
1790401877.814,00:00:27:16
1790401877.847,00:00:27:17
1790401877.880,00:00:27:18
1790401877.914,00:00:27:19
1790401877.947,00:00:27:20
1790401877.981,00:00:27:21
1790401878.014,00:00:27:22
1790401878.047,00:00:27:23
1790401878.081,00:00:27:24
1790401878.114,00:00:27:25
1790401878.147,00:00:27:26
1790401878.181,00:00:27:27
1790401878.214,00:00:27:28
1790401878.247,00:00:27:29
1790401878.280,00:00:28:00
1790401878.314,00:00:28:01
1790401878.347,00:00:28:02
1790401878.381,00:00:28:03
1790401878.414,00:00:28:04
1790401878.447,00:00:28:05
1790401878.480,00:00:28:06
1790401878.514,00:00:28:07
1790401878.547,00:00:28:08
1790401878.580,00:00:28:09
1790401878.614,00:00:28:10
1790401878.647,00:00:28:11
1790401878.681,00:00:28:12
1790401878.714,00:00:28:13
1790401878.747,00:00:28:14
1790401878.780,00:00:28:15
1790401878.814,00:00:28:16
1790401878.847,00:00:28:17
1790401878.881,00:00:28:18
1790401878.914,00:00:28:19
1790401878.947,00:00:28:20
1790401878.980,00:00:28:21
1790401879.014,00:00:28:22
1790401879.047,00:00:28:23
1790401879.081,00:00:28:24
1790401879.114,00:00:28:25
1790401879.147,00:00:28:26
1790401879.181,00:00:28:27
1790401879.214,00:00:28:28
1790401879.247,00:00:28:29
1790401879.281,00:00:29:00
1790401879.314,00:00:29:01
1790401879.347,00:00:29:02
1790401879.381,00:00:29:03
1790401879.414,00:00:29:04
1790401879.447,00:00:29:05
1790401879.480,00:00:29:06
1790401879.514,00:00:29:07
1790401879.547,00:00:29:08
1790401879.580,00:00:29:09
1790401879.614,00:00:29:10
1790401879.647,00:00:29:11
1790401879.681,00:00:29:12
1790401879.714,00:00:29:13
1790401879.747,00:00:29:14
1790401879.781,00:00:29:15
1790401879.814,00:00:29:16
1790401879.847,00:00:29:17
1790401879.881,00:00:29:18
1790401879.914,00:00:29:19
1790401879.947,00:00:29:20
1790401879.980,00:00:29:21
1790401880.014,00:00:29:22
1790401880.047,00:00:29:23
1790401880.080,00:00:29:24
1790401880.114,00:00:29:25
1790401880.147,00:00:29:26
1790401880.180,00:00:29:27
1790401880.214,00:00:29:28
1790401880.247,00:00:29:29
1790401880.281,00:00:30:00
1790401880.314,00:00:30:01
1790401880.347,00:00:30:02
1790401880.381,00:00:30:03
1790401880.414,00:00:30:04
1790401880.447,00:00:30:05
1790401880.481,00:00:30:06
1790401880.514,00:00:30:07
1790401880.547,00:00:30:08
1790401880.580,00:00:30:09
1790401880.614,00:00:30:10
1790401880.647,00:00:30:11
1790401880.681,00:00:30:12
1790401880.714,00:00:30:13
1790401880.747,00:00:30:14
1790401880.780,00:00:30:15
1790401880.814,00:00:30:16
1790401880.847,00:00:30:17
1790401880.881,00:00:30:18
1790401880.914,00:00:30:19
1790401880.947,00:00:30:20
1790401880.981,00:00:30:21
1790401881.014,00:00:30:22
1790401881.047,00:00:30:23
1790401881.081,00:00:30:24
1790401881.114,00:00:30:25
1790401881.147,00:00:30:26
1790401881.181,00:00:30:27
1790401881.214,00:00:30:28
1790401881.247,00:00:30:29
1790401881.281,00:00:31:00
1790401881.314,00:00:31:01
1790401881.347,00:00:31:02
1790401881.380,00:00:31:03
1790401881.414,00:00:31:04
1790401881.447,00:00:31:05
1790401881.481,00:00:31:06
1790401881.514,00:00:31:07
1790401881.547,00:00:31:08
1790401881.580,00:00:31:09
1790401881.614,00:00:31:10
1790401881.647,00:00:31:11
1790401881.680,00:00:31:12
1790401881.714,00:00:31:13
1790401881.747,00:00:31:14
1790401881.780,00:00:31:15
1790401881.814,00:00:31:16
1790401881.847,00:00:31:17
1790401881.881,00:00:31:18
1790401881.914,00:00:31:19
1790401881.947,00:00:31:20
1790401881.981,00:00:31:21
1790401882.014,00:00:31:22
1790401882.047,00:00:31:23
1790401882.080,00:00:31:24
1790401882.114,00:00:31:25
1790401882.147,00:00:31:26
1790401882.181,00:00:31:27
1790401882.214,00:00:31:28
1790401882.247,00:00:31:29
1790401882.280,00:00:32:00
1790401882.314,00:00:32:01
1790401882.347,00:00:32:02
1790401882.380,00:00:32:03
1790401882.414,00:00:32:04
1790401882.447,00:00:32:05
1790401882.480,00:00:32:06
1790401882.514,00:00:32:07
1790401882.547,00:00:32:08
1790401882.580,00:00:32:09
1790401882.614,00:00:32:10
1790401882.647,00:00:32:11
1790401882.680,00:00:32:12
1790401882.714,00:00:32:13
1790401882.747,00:00:32:14
1790401882.780,00:00:32:15
1790401882.814,00:00:32:16
1790401882.847,00:00:32:17
1790401882.880,00:00:32:18
1790401882.914,00:00:32:19
1790401882.947,00:00:32:20
1790401882.980,00:00:32:21
1790401883.014,00:00:32:22
1790401883.047,00:00:32:23
1790401883.080,00:00:32:24
1790401883.114,00:00:32:25
1790401883.147,00:00:32:26
1790401883.181,00:00:32:27
1790401883.214,00:00:32:28
1790401883.247,00:00:32:29
1790401883.281,00:00:33:00
1790401883.314,00:00:33:01
1790401883.347,00:00:33:02
1790401883.380,00:00:33:03
1790401883.414,00:00:33:04
1790401883.447,00:00:33:05
1790401883.481,00:00:33:06
1790401883.514,00:00:33:07
1790401883.547,00:00:33:08
1790401883.581,00:00:33:09
1790401883.614,00:00:33:10
1790401883.647,00:00:33:11
1790401883.680,00:00:33:12
1790401883.714,00:00:33:13
1790401883.747,00:00:33:14
1790401883.780,00:00:33:15
1790401883.814,00:00:33:16
1790401883.847,00:00:33:17
1790401883.880,00:00:33:18
1790401883.914,00:00:33:19
1790401883.947,00:00:33:20
1790401883.981,00:00:33:21
1790401884.014,00:00:33:22
1790401884.047,00:00:33:23
1790401884.081,00:00:33:24
1790401884.114,00:00:33:25
1790401884.147,00:00:33:26
1790401884.180,00:00:33:27
1790401884.214,00:00:33:28
1790401884.247,00:00:33:29
1790401884.281,00:00:34:00
1790401884.314,00:00:34:01
1790401884.347,00:00:34:02
1790401884.380,00:00:34:03
1790401884.414,00:00:34:04
1790401884.447,00:00:34:05
1790401884.481,00:00:34:06
1790401884.514,00:00:34:07
1790401884.547,00:00:34:08
1790401884.580,00:00:34:09
1790401884.614,00:00:34:10
1790401884.647,00:00:34:11
1790401884.681,00:00:34:12
1790401884.714,00:00:34:13
1790401884.747,00:00:34:14
1790401884.780,00:00:34:15
1790401884.814,00:00:34:16
1790401884.847,00:00:34:17
1790401884.880,00:00:34:18
1790401884.914,00:00:34:19
1790401884.947,00:00:34:20
1790401884.980,00:00:34:21
1790401885.014,00:00:34:22
1790401885.047,00:00:34:23
1790401885.081,00:00:34:24
1790401885.114,00:00:34:25
1790401885.147,00:00:34:26
1790401885.180,00:00:34:27
1790401885.214,00:00:34:28
1790401885.247,00:00:34:29
1790401885.281,00:00:35:00
1790401885.314,00:00:35:01
1790401885.347,00:00:35:02
1790401885.380,00:00:35:03
1790401885.414,00:00:35:04
1790401885.447,00:00:35:05
1790401885.481,00:00:35:06
1790401885.514,00:00:35:07
1790401885.547,00:00:35:08
1790401885.581,00:00:35:09
1790401885.614,00:00:35:10
1790401885.647,00:00:35:11
1790401885.681,00:00:35:12
1790401885.714,00:00:35:13
1790401885.747,00:00:35:14
1790401885.780,00:00:35:15
1790401885.814,00:00:35:16
1790401885.847,00:00:35:17
1790401885.880,00:00:35:18
1790401885.914,00:00:35:19
1790401885.947,00:00:35:20
1790401885.981,00:00:35:21
1790401886.014,00:00:35:22
1790401886.047,00:00:35:23
1790401886.081,00:00:35:24
1790401886.114,00:00:35:25
1790401886.147,00:00:35:26
1790401886.181,00:00:35:27
1790401886.214,00:00:35:28
1790401886.247,00:00:35:29
1790401886.280,00:00:36:00
1790401886.314,00:00:36:01
1790401886.347,00:00:36:02
1790401886.381,00:00:36:03
1790401886.414,00:00:36:04
1790401886.447,00:00:36:05
1790401886.481,00:00:36:06
1790401886.514,00:00:36:07
1790401886.547,00:00:36:08
1790401886.580,00:00:36:09
1790401886.614,00:00:36:10
1790401886.647,00:00:36:11
1790401886.680,00:00:36:12
1790401886.714,00:00:36:13
1790401886.747,00:00:36:14
1790401886.780,00:00:36:15
1790401886.814,00:00:36:16
1790401886.847,00:00:36:17
1790401886.880,00:00:36:18
1790401886.914,00:00:36:19
1790401886.947,00:00:36:20
1790401886.980,00:00:36:21
1790401887.014,00:00:36:22
1790401887.047,00:00:36:23
1790401887.080,00:00:36:24
1790401887.114,00:00:36:25
1790401887.147,00:00:36:26
1790401887.180,00:00:36:27
1790401887.214,00:00:36:28
1790401887.247,00:00:36:29
1790401887.281,00:00:37:00
1790401887.314,00:00:37:01
1790401887.347,00:00:37:02
1790401887.380,00:00:37:03
1790401887.414,00:00:37:04
1790401887.447,00:00:37:05
1790401887.480,00:00:37:06
1790401887.514,00:00:37:07
1790401887.547,00:00:37:08
1790401887.581,00:00:37:09
1790401887.614,00:00:37:10
1790401887.647,00:00:37:11
1790401887.681,00:00:37:12
1790401887.714,00:00:37:13
1790401887.747,00:00:37:14
1790401887.780,00:00:37:15
1790401887.814,00:00:37:16
1790401887.847,00:00:37:17
1790401887.880,00:00:37:18
1790401887.914,00:00:37:19
1790401887.947,00:00:37:20
1790401887.980,00:00:37:21
1790401888.014,00:00:37:22
1790401888.047,00:00:37:23
1790401888.080,00:00:37:24
1790401888.114,00:00:37:25
1790401888.147,00:00:37:26
1790401888.181,00:00:37:27
1790401888.214,00:00:37:28
1790401888.247,00:00:37:29
1790401888.281,00:00:38:00
1790401888.314,00:00:38:01
1790401888.347,00:00:38:02
1790401888.380,00:00:38:03
1790401888.414,00:00:38:04
1790401888.447,00:00:38:05
1790401888.481,00:00:38:06
1790401888.514,00:00:38:07
1790401888.547,00:00:38:08
1790401888.581,00:00:38:09
1790401888.614,00:00:38:10
1790401888.647,00:00:38:11
1790401888.680,00:00:38:12
1790401888.714,00:00:38:13
1790401888.747,00:00:38:14
1790401888.781,00:00:38:15
1790401888.814,00:00:38:16
1790401888.847,00:00:38:17
1790401888.881,00:00:38:18
1790401888.914,00:00:38:19
1790401888.947,00:00:38:20
1790401888.981,00:00:38:21
1790401889.014,00:00:38:22
1790401889.047,00:00:38:23
1790401889.081,00:00:38:24
1790401889.114,00:00:38:25
1790401889.147,00:00:38:26
1790401889.180,00:00:38:27
1790401889.214,00:00:38:28
1790401889.247,00:00:38:29
1790401889.281,00:00:39:00
1790401889.314,00:00:39:01
1790401889.347,00:00:39:02
1790401889.380,00:00:39:03
1790401889.414,00:00:39:04
1790401889.447,00:00:39:05
1790401889.481,00:00:39:06
1790401889.514,00:00:39:07
1790401889.547,00:00:39:08
1790401889.580,00:00:39:09
1790401889.614,00:00:39:10
1790401889.647,00:00:39:11
1790401889.680,00:00:39:12
1790401889.714,00:00:39:13
1790401889.747,00:00:39:14
1790401889.781,00:00:39:15
1790401889.814,00:00:39:16
1790401889.847,00:00:39:17
1790401889.880,00:00:39:18
1790401889.914,00:00:39:19
1790401889.947,00:00:39:20
1790401889.980,00:00:39:21
1790401890.014,00:00:39:22
1790401890.047,00:00:39:23
1790401890.080,00:00:39:24
1790401890.114,00:00:39:25
1790401890.147,00:00:39:26
1790401890.181,00:00:39:27
1790401890.214,00:00:39:28
1790401890.247,00:00:39:29
